"날짜","종가","시가","고가","저가","거래량","변동 %"
"2021- 11- 23","40,900","41,400","48,800","36,800","4.31M","5.01%"
"2021- 11- 24","40,450","40,050","44,200","39,050","858.19K","-1.10%"
"2021- 11- 25","40,750","41,100","42,950","39,950","357.59K","0.74%"
"2021- 11- 26","36,900","40,500","40,500","36,600","288.36K","-9.45%"
"2021- 11- 28","36,900","36,900","36,900","36,900","","0.00%"
"2021- 11- 29","32,350","34,600","34,700","32,250","226.78K","-12.33%"
"2021- 11- 30","30,150","32,900","34,900","29,900","214.25K","-6.80%"
"2021- 12- 01","30,100","30,150","31,250","29,000","99.68K","-0.17%"
"2021- 12- 02","29,950","29,400","30,650","29,400","67.28K","-0.50%"
"2021- 12- 03","32,100","30,550","32,500","30,300","190.36K","7.18%"
"2021- 12- 05","32,100","32,100","32,100","32,100","","0.00%"
"2021- 12- 06","30,650","31,650","31,650","30,400","58.48K","-4.52%"
"2021- 12- 07","31,200","30,600","31,450","30,300","76.29K","1.79%"
"2021- 12- 08","32,800","31,500","34,500","31,300","319.63K","5.13%"
"2021- 12- 09","32,850","32,800","33,400","32,050","65.67K","0.15%"
"2021- 12- 10","32,050","33,000","33,200","31,800","61.89K","-2.44%"
"2021- 12- 13","31,000","31,800","32,400","30,700","58.16K","-3.28%"
"2021- 12- 14","30,000","30,700","30,800","29,800","54.72K","-3.23%"
"2021- 12- 15","29,150","30,000","30,000","29,050","41.42K","-2.83%"
"2021- 12- 16","28,700","29,350","29,550","28,650","44.40K","-1.54%"
"2021- 12- 17","27,950","28,300","29,000","27,950","32.78K","-2.61%"
"2021- 12- 19","27,950","27,950","27,950","27,950","","0.00%"
"2021- 12- 20","26,350","27,950","27,950","26,250","72.36K","-5.72%"
"2021- 12- 21","27,400","26,100","27,450","25,500","83.37K","3.98%"
"2021- 12- 22","27,950","26,800","28,650","26,500","123.50K","2.01%"
"2021- 12- 23","27,500","28,000","29,000","27,500","54.29K","-1.61%"
"2021- 12- 24","26,950","27,600","27,600","26,550","55.58K","-2.00%"
"2021- 12- 27","26,000","27,050","27,050","26,000","47.04K","-3.53%"
"2021- 12- 28","26,500","26,550","27,250","25,400","67.57K","1.92%"
"2021- 12- 29","27,200","26,750","27,200","26,400","32.52K","2.64%"
"2021- 12- 30","27,200","27,250","28,150","26,900","46.10K","0.00%"
"2022- 01- 03","28,350","27,200","28,550","27,200","46.24K","4.23%"
"2022- 01- 04","29,000","28,600","29,000","27,950","50.62K","2.29%"
"2022- 01- 05","27,500","29,100","29,300","27,500","42.74K","-5.17%"
"2022- 01- 06","27,300","27,150","27,500","26,300","37.77K","-0.73%"
"2022- 01- 07","26,550","27,350","28,400","25,950","77.32K","-2.75%"
"2022- 01- 10","25,200","26,450","26,450","25,150","43.62K","-5.08%"
"2022- 01- 11","24,550","25,250","25,500","24,500","28.64K","-2.58%"
"2022- 01- 12","24,550","24,400","24,950","24,400","24.06K","0.00%"
"2022- 01- 13","24,000","24,600","24,900","23,800","35.52K","-2.24%"
"2022- 01- 14","22,950","23,750","23,750","22,800","36.79K","-4.38%"
"2022- 01- 17","22,900","23,200","23,200","22,600","21.44K","-0.22%"
"2022- 01- 18","24,100","22,900","24,300","22,250","48.50K","5.24%"
"2022- 01- 19","24,500","23,800","28,100","23,750","292.74K","1.66%"
"2022- 01- 20","25,000","24,350","25,550","23,950","51.32K","2.04%"
"2022- 01- 21","23,900","25,000","25,200","23,900","24.15K","-4.40%"
"2022- 01- 24","23,300","24,100","24,100","23,000","32.83K","-2.51%"
"2022- 01- 25","22,250","23,150","23,500","22,250","33.19K","-4.51%"
"2022- 01- 26","21,600","22,000","22,350","21,400","56.10K","-2.92%"
"2022- 01- 27","19,850","21,950","22,100","19,800","63.28K","-8.10%"
"2022- 01- 28","20,400","19,850","20,550","19,350","28.02K","2.77%"
"2022- 02- 02","20,400","20,400","20,400","20,400","","0.00%"
"2022- 02- 03","20,800","20,900","21,100","20,450","18.12K","1.96%"
"2022- 02- 04","21,400","20,800","21,600","20,300","20.96K","2.88%"
"2022- 02- 07","21,200","21,300","21,600","20,850","17.55K","-0.93%"
"2022- 02- 08","21,200","21,200","22,100","20,650","25.55K","0.00%"
"2022- 02- 09","21,400","21,200","21,400","21,000","14.60K","0.94%"
"2022- 02- 10","21,000","21,450","21,500","20,500","27.22K","-1.87%"
"2022- 02- 11","20,050","20,800","20,800","19,800","23.16K","-4.52%"
"2022- 02- 14","18,750","19,350","19,700","18,700","40.87K","-6.48%"
"2022- 02- 15","17,900","18,750","19,000","17,250","19.94K","-4.53%"
"2022- 02- 16","18,950","18,300","19,000","18,100","25.05K","5.87%"
"2022- 02- 17","19,000","18,950","20,150","18,700","29.49K","0.26%"
"2022- 02- 18","19,300","18,600","19,400","18,250","14.21K","1.58%"
"2022- 02- 21","19,700","19,600","19,800","18,750","17.24K","2.07%"
"2022- 02- 22","18,650","18,900","19,300","18,000","116.77K","-5.33%"
"2022- 02- 23","19,050","18,700","21,200","18,400","150.30K","2.14%"
"2022- 02- 24","17,950","19,000","19,100","17,750","50.04K","-5.77%"
"2022- 02- 25","6,167","6,117","6,233","5,933","113.72K","-65.65%"
"2022- 02- 27","18,500","18,500","18,500","18,500","","200.00%"
"2022- 02- 28","6,317","6,167","6,483","6,100","87.58K","-65.86%"
"2022- 03- 02","6,367","6,267","6,433","6,100","83.76K","0.79%"
"2022- 03- 03","6,383","6,400","6,417","6,317","57.36K","0.26%"
"2022- 03- 04","6,450","6,383","6,650","6,167","130.22K","1.04%"
"2022- 03- 07","6,167","6,267","6,383","6,100","116.45K","-4.39%"
"2022- 03- 08","6,033","6,117","6,233","5,833","88.31K","-2.16%"
"2022- 03- 10","6,367","6,117","6,367","5,917","113.13K","5.53%"
"2022- 03- 11","6,550","6,300","6,683","6,167","178.79K","2.88%"
"2022- 03- 14","6,750","6,533","6,933","6,367","287.53K","3.05%"
"2022- 03- 15","7,000","6,750","7,100","6,617","279.56K","3.70%"
"2022- 03- 16","7,117","7,000","7,283","6,783","279.86K","1.67%"
"2022- 03- 17","6,917","7,083","7,133","6,900","221.93K","-2.81%"
"2022- 03- 18","6,900","6,867","6,950","6,717","179.20K","-0.24%"
"2022- 03- 21","7,067","6,833","7,250","6,750","435.09K","2.42%"
"2022- 03- 22","7,067","7,133","7,167","6,900","115.04K","0.00%"
"2022- 03- 23","6,933","7,150","7,150","6,917","146.91K","-1.89%"
"2022- 03- 24","7,000","6,933","7,100","6,800","108.26K","0.96%"
"2022- 03- 25","7,017","7,000","7,050","6,917","95.59K","0.24%"
"2022- 03- 27","21,050","21,050","21,050","21,050","","200.00%"
"2022- 03- 28","6,917","7,017","7,017","6,850","96.05K","-67.14%"
"2022- 03- 29","6,883","6,833","6,967","6,817","97.32K","-0.48%"
"2022- 03- 30","7,117","6,917","7,150","6,783","200.07K","3.39%"
"2022- 03- 31","7,767","7,067","8,200","7,000","1.23M","9.13%"
"2022- 04- 01","8,383","7,950","8,783","7,900","1.74M","7.94%"
"2022- 04- 04","8,317","8,583","8,600","8,233","386.76K","-0.79%"
"2022- 04- 05","8,000","8,317","8,317","7,900","484.62K","-3.81%"
"2022- 04- 06","7,850","7,867","7,917","7,617","310.04K","-1.88%"
"2022- 04- 07","7,717","7,800","7,800","7,500","327.37K","-1.70%"
"2022- 04- 08","8,250","7,683","8,283","7,583","703.37K","6.91%"
"2022- 04- 10","24,750","24,750","24,750","24,750","","200.00%"
"2022- 04- 11","7,850","8,300","8,300","7,800","402.68K","-68.28%"
"2022- 04- 12","7,517","7,700","7,767","7,383","307.49K","-4.25%"
"2022- 04- 13","7,483","7,517","7,533","7,233","248.77K","-0.44%"
"2022- 04- 14","7,300","7,500","7,500","7,250","253.25K","-2.45%"
"2022- 04- 15","7,233","7,283","7,283","7,000","217.18K","-0.91%"
"2022- 04- 17","21,700","21,700","21,700","21,700","","200.00%"
"2022- 04- 18","7,233","7,167","7,450","7,017","212.70K","-66.67%"
"2022- 04- 19","7,167","7,217","7,267","7,033","173.46K","-0.92%"
"2022- 04- 20","7,183","7,167","7,233","7,067","161.83K","0.23%"
"2022- 04- 21","7,017","7,167","7,167","6,967","325.19K","-2.32%"
"2022- 04- 22","6,667","6,900","7,000","6,667","371.69K","-4.99%"
"2022- 04- 25","6,367","6,517","6,567","6,300","294.84K","-4.50%"
"2022- 04- 26","6,450","6,433","6,533","6,283","177.95K","1.31%"
"2022- 04- 27","6,400","6,233","6,417","6,050","197.99K","-0.78%"
"2022- 04- 28","6,233","6,400","6,400","6,183","163.85K","-2.60%"
"2022- 04- 29","6,250","6,250","6,383","6,167","196.19K","0.27%"
"2022- 05- 02","6,250","6,100","6,283","6,017","155.70K","0.00%"
"2022- 05- 03","6,533","6,233","6,717","6,200","429.20K","4.53%"
"2022- 05- 04","6,483","6,617","6,650","6,383","211.97K","-0.77%"
"2022- 05- 06","6,233","6,450","6,567","6,200","186.43K","-3.86%"
"2022- 05- 08","18,700","18,700","18,700","18,700","","200.00%"
"2022- 05- 09","5,850","6,183","6,183","5,833","210.33K","-68.72%"
"2022- 05- 10","5,783","5,667","5,850","5,550","210.57K","-1.14%"
"2022- 05- 11","5,917","5,783","6,050","5,750","120.31K","2.31%"
"2022- 05- 12","5,717","5,767","5,867","5,567","164.29K","-3.38%"
"2022- 05- 13","5,817","5,717","5,867","5,683","112.47K","1.75%"
"2022- 05- 16","5,733","5,850","5,983","5,717","110.06K","-1.43%"
"2022- 05- 17","5,733","5,733","5,817","5,700","68.84K","0.00%"
"2022- 05- 18","6,000","5,833","6,100","5,833","182.72K","4.65%"
"2022- 05- 19","5,817","5,867","5,867","5,733","132.05K","-3.05%"
"2022- 05- 20","5,917","5,800","6,000","5,783","99.56K","1.72%"
"2022- 05- 23","5,867","5,917","6,167","5,817","264.39K","-0.85%"
"2022- 05- 24","5,617","5,833","5,833","5,617","226.54K","-4.26%"
"2022- 05- 25","5,533","5,617","5,633","5,467","258.68K","-1.48%"
"2022- 05- 26","5,550","5,550","5,667","5,467","134.44K","0.30%"
"2022- 05- 27","5,600","5,650","5,833","5,583","184.18K","0.90%"
"2022- 05- 30","5,750","5,683","5,800","5,633","131.71K","2.68%"
"2022- 05- 31","5,800","5,750","5,833","5,717","85.97K","0.87%"
"2022- 06- 01","17,400","17,400","17,400","17,400","","200.00%"
"2022- 06- 02","5,700","5,733","5,800","5,667","92.22K","-67.24%"
"2022- 06- 03","5,783","5,733","5,783","5,683","65.63K","1.46%"
"2022- 06- 07","5,767","5,950","5,967","5,717","208.40K","-0.29%"
"2022- 06- 08","5,733","5,767","5,800","5,667","93.58K","-0.58%"
"2022- 06- 09","5,717","5,700","5,733","5,617","129.82K","-0.29%"
"2022- 06- 10","5,917","5,650","5,917","5,617","181.35K","3.50%"
"2022- 06- 12","17,750","17,750","17,750","17,750","","200.00%"
"2022- 06- 13","6,067","5,800","6,367","5,683","1.06M","-65.82%"
"2022- 06- 14","5,900","5,867","6,300","5,717","752.45K","-2.75%"
"2022- 06- 15","6,083","5,933","6,500","5,933","2.04M","3.11%"
"2022- 06- 16","6,350","6,367","6,467","6,100","1.53M","4.38%"
"2022- 06- 17","5,883","6,150","6,167","5,850","719.87K","-7.35%"
"2022- 06- 19","17,650","17,650","17,650","17,650","","200.00%"
"2022- 06- 20","4,833","5,883","5,883","4,833","885.44K","-72.62%"
"2022- 06- 21","4,717","4,917","4,933","4,617","409.06K","-2.41%"
"2022- 06- 22","4,300","4,733","4,767","4,283","366.51K","-8.83%"
"2022- 06- 23","4,317","4,317","4,583","4,200","376.15K","0.39%"
"2022- 06- 24","4,500","4,283","4,533","4,283","221.72K","4.25%"
"2022- 06- 26","13,500","13,500","13,500","13,500","","200.00%"
"2022- 06- 27","4,600","4,567","4,717","4,433","228.55K","-65.93%"
"2022- 06- 28","4,500","4,633","4,633","4,450","177.66K","-2.17%"
"2022- 06- 29","4,333","4,433","4,450","4,283","297.23K","-3.70%"
"2022- 06- 30","4,567","4,400","4,800","4,367","1.08M","5.39%"
"2022- 07- 01","4,367","4,567","4,633","4,250","477.38K","-4.38%"
"2022- 07- 04","4,217","4,433","4,450","4,167","253.70K","-3.44%"
"2022- 07- 05","4,417","4,250","4,483","4,233","281.91K","4.74%"
"2022- 07- 06","5,733","4,400","5,733","4,400","3.80M","29.81%"
"2022- 07- 07","5,900","5,917","6,100","5,600","4.02M","2.91%"
"2022- 07- 08","5,983","5,983","6,167","5,783","1.99M","1.41%"
"2022- 07- 10","17,950","17,950","17,950","17,950","","200.00%"
"2022- 07- 11","6,083","6,033","6,850","5,917","4.76M","-66.11%"
"2022- 07- 12","5,500","5,917","5,983","5,467","1.63M","-9.59%"
"2022- 07- 13","5,517","5,450","5,767","5,417","998.69K","0.30%"
"2022- 07- 14","6,033","5,517","6,133","5,517","1.76M","9.36%"
"2022- 07- 15","6,233","5,983","6,517","5,883","2.03M","3.31%"
"2022- 07- 18","6,583","6,467","7,067","6,367","3.57M","5.62%"
"2022- 07- 19","7,000","6,583","7,417","6,333","3.23M","6.33%"
"2022- 07- 20","7,250","7,117","7,367","6,900","1.24M","3.57%"
"2022- 07- 21","6,850","7,233","7,233","6,750","1.11M","-5.52%"
"2022- 07- 22","7,333","6,783","7,600","6,783","2.14M","7.06%"
"2022- 07- 24","22,000","22,000","22,000","22,000","","200.00%"
"2022- 07- 25","6,850","7,283","7,500","6,833","1.12M","-68.86%"
"2022- 07- 26","6,633","6,850","7,067","6,600","967.63K","-3.16%"
"2022- 07- 27","6,950","6,650","7,050","6,400","1.37M","4.77%"
"2022- 07- 28","6,983","6,917","7,200","6,800","763.82K","0.48%"
"2022- 07- 29","7,083","7,000","7,333","6,817","947.50K","1.43%"
"2022- 07- 31","21,250","21,250","21,250","21,250","","200.00%"
"2022- 08- 01","6,917","7,083","7,150","6,900","350.42K","-67.45%"
"2022- 08- 02","6,633","6,917","6,917","6,583","461.89K","-4.10%"
"2022- 08- 03","6,667","6,633","6,817","6,583","363.86K","0.50%"
"2022- 08- 04","6,233","6,800","6,800","6,200","536.49K","-6.50%"
"2022- 08- 05","6,150","6,300","6,350","5,983","502.45K","-1.34%"
"2022- 08- 08","6,250","6,150","6,300","6,050","228.05K","1.63%"
"2022- 08- 09","6,050","6,300","6,317","5,983","322.96K","-3.20%"
"2022- 08- 10","6,017","6,050","6,200","6,000","263.58K","-0.55%"
"2022- 08- 11","6,083","6,150","6,150","5,917","201.60K","1.11%"
"2022- 08- 12","6,233","6,067","6,300","6,067","235.98K","2.47%"
"2022- 08- 16","6,067","6,150","6,183","6,067","214.38K","-2.67%"
"2022- 08- 17","5,800","6,050","6,083","5,733","448.32K","-4.40%"
"2022- 08- 18","5,633","5,800","5,800","5,600","170.17K","-2.87%"
"2022- 08- 19","5,567","5,600","5,767","5,517","180.41K","-1.18%"
"2022- 08- 22","5,500","5,467","5,700","5,433","171.40K","-1.20%"
"2022- 08- 23","5,400","5,383","5,633","5,383","146.31K","-1.82%"
"2022- 08- 24","5,583","5,417","5,667","5,417","125.77K","3.39%"
"2022- 08- 25","5,817","5,633","5,850","5,617","168.84K","4.18%"
"2022- 08- 26","5,833","5,883","5,983","5,700","187.25K","0.29%"
"2022- 08- 29","5,550","5,517","5,633","5,500","128.00K","-4.86%"
"2022- 08- 30","5,650","5,550","5,700","5,533","69.91K","1.80%"
"2022- 08- 31","5,717","5,567","5,733","5,567","58.44K","1.18%"
"2022- 09- 01","5,500","5,633","5,700","5,450","110.32K","-3.79%"
"2022- 09- 02","5,333","5,500","5,567","5,283","153.65K","-3.03%"
"2022- 09- 05","5,083","5,250","5,350","5,017","194.62K","-4.69%"
"2022- 09- 06","5,250","5,100","5,300","5,100","75.11K","3.28%"
"2022- 09- 07","5,267","5,267","5,367","5,067","147.14K","0.32%"
"2022- 09- 08","5,383","5,283","5,400","5,250","77.33K","2.21%"
"2022- 09- 13","5,500","5,433","5,550","5,433","72.05K","2.17%"
"2022- 09- 14","5,583","5,300","5,583","5,233","90.39K","1.51%"
"2022- 09- 15","5,433","5,600","5,617","5,400","96.51K","-2.69%"
"2022- 09- 16","5,500","5,467","5,633","5,433","96.91K","1.23%"
"2022- 09- 19","5,233","5,517","5,533","5,217","139.41K","-4.85%"
"2022- 09- 20","5,283","5,233","5,400","5,233","59.58K","0.96%"
"2022- 09- 21","5,367","5,267","5,400","5,200","56.97K","1.58%"
"2022- 09- 22","5,333","5,200","5,367","5,133","93.88K","-0.62%"
"2022- 09- 23","5,267","5,267","5,467","5,233","128.94K","-1.25%"
"2022- 09- 26","4,917","5,167","5,317","4,900","176.37K","-6.65%"
"2022- 09- 27","5,133","4,850","5,167","4,767","104.91K","4.41%"
"2022- 09- 28","4,967","5,083","5,183","4,817","114.17K","-3.25%"
"2022- 09- 29","4,933","5,033","5,167","4,933","78.16K","-0.67%"
"2022- 09- 30","5,000","4,850","5,100","4,833","62.08K","1.35%"
"2022- 10- 04","5,050","5,033","5,200","5,000","61.22K","1.00%"
"2022- 10- 05","5,000","5,067","5,150","4,967","62.80K","-0.99%"
"2022- 10- 06","5,250","5,000","5,267","4,967","91.70K","5.00%"
"2022- 10- 07","5,183","5,183","5,200","5,067","73.21K","-1.27%"
"2022- 10- 11","4,833","5,133","5,133","4,833","98.58K","-6.75%"
"2022- 10- 12","4,783","4,767","4,967","4,700","51.70K","-1.03%"
"2022- 10- 13","4,283","4,683","4,750","4,283","228.82K","-10.45%"
"2022- 10- 14","4,567","4,367","4,683","4,367","257.34K","6.62%"
"2022- 10- 17","4,400","4,483","4,483","4,283","109.24K","-3.65%"
"2022- 10- 18","4,567","4,483","4,767","4,450","225.47K","3.79%"
"2022- 10- 19","4,517","4,617","4,683","4,483","113.37K","-1.09%"
"2022- 10- 20","4,417","4,567","4,567","4,350","67.05K","-2.21%"
"2022- 10- 21","4,267","4,383","4,483","4,267","105.20K","-3.40%"
"2022- 10- 24","4,200","4,350","4,400","4,183","99.05K","-1.56%"
"2022- 10- 25","4,200","4,217","4,317","4,150","131.97K","0.00%"
"2022- 10- 26","4,000","4,217","4,233","4,000","160.71K","-4.76%"
"2022- 10- 27","4,083","4,033","4,117","4,000","77.95K","2.08%"
"2022- 10- 28","4,033","4,083","4,117","3,983","106.37K","-1.22%"
"2022- 10- 31","4,067","4,100","4,150","4,000","84.23K","0.83%"
"2022- 11- 01","4,100","4,083","4,150","4,050","63.53K","0.82%"
"2022- 11- 02","4,167","4,133","4,267","4,050","85.81K","1.63%"
"2022- 11- 03","4,100","4,100","4,150","4,000","130.87K","-1.60%"
"2022- 11- 04","4,100","4,100","4,217","4,033","65.33K","0.00%"
"2022- 11- 07","4,283","4,100","4,283","4,067","129.27K","4.47%"
"2022- 11- 08","4,333","4,233","4,483","4,233","99.54K","1.17%"
"2022- 11- 09","4,283","4,350","4,400","4,267","82.06K","-1.15%"
"2022- 11- 10","4,167","4,300","4,300","4,167","69.00K","-2.72%"
"2022- 11- 11","4,350","4,333","4,417","4,250","111.93K","4.40%"
"2022- 11- 14","4,483","4,450","4,550","4,367","121.82K","3.06%"
"2022- 11- 15","4,583","4,417","4,583","4,417","91.70K","2.23%"
"2022- 11- 16","4,583","4,633","4,633","4,467","57.71K","0.00%"
"2022- 11- 17","4,533","4,483","4,567","4,450","68.63K","-1.09%"
"2022- 11- 18","4,450","4,450","4,550","4,433","60.45K","-1.84%"
"2022- 11- 21","4,267","4,433","4,500","4,167","91.33K","-4.12%"
"2022- 11- 22","4,317","4,300","4,400","4,217","60.32K","1.17%"
"2022- 11- 23","4,450","4,467","4,550","4,367","88.81K","3.09%"
"2022- 11- 24","4,800","4,450","5,117","4,433","1.30M","7.87%"
"2022- 11- 25","4,617","4,783","4,883","4,617","248.93K","-3.82%"
"2022- 11- 28","5,000","4,683","5,700","4,567","2.55M","8.30%"
"2022- 11- 29","5,017","5,000","5,083","4,900","336.55K","0.33%"
"2022- 11- 30","4,867","5,017","5,033","4,850","225.92K","-2.99%"
"2022- 12- 01","4,983","4,950","5,067","4,867","276.20K","2.40%"
"2022- 12- 02","4,817","4,933","4,967","4,767","135.48K","-3.34%"
"2022- 12- 05","4,733","4,800","4,850","4,700","76.58K","-1.73%"
"2022- 12- 06","4,583","4,767","4,767","4,550","108.41K","-3.17%"
"2022- 12- 07","4,583","4,583","4,600","4,450","106.74K","0.00%"
"2022- 12- 08","4,433","4,550","4,567","4,433","79.54K","-3.27%"
"2022- 12- 09","4,717","4,433","4,767","4,433","167.26K","6.39%"
"2022- 12- 11","14,150","14,150","14,150","14,150","","200.00%"
"2022- 12- 12","4,733","4,650","4,950","4,650","129.46K","-66.55%"
"2022- 12- 13","4,667","4,783","4,800","4,583","97.86K","-1.41%"
"2022- 12- 14","4,667","4,667","4,683","4,600","61.05K","0.00%"
"2022- 12- 15","4,567","4,650","4,650","4,550","50.88K","-2.14%"
"2022- 12- 16","4,533","4,500","4,600","4,433","53.27K","-0.73%"
"2022- 12- 19","4,500","4,500","4,567","4,450","46.55K","-0.73%"
"2022- 12- 20","4,467","4,533","4,667","4,417","129.98K","-0.74%"
"2022- 12- 21","4,367","4,533","4,550","4,367","69.65K","-2.24%"
"2022- 12- 22","4,367","4,383","4,417","4,333","81.15K","0.00%"
"2022- 12- 23","4,233","4,300","4,300","4,183","65.27K","-3.05%"
"2022- 12- 26","4,383","4,200","4,500","4,133","95.01K","3.54%"
"2022- 12- 27","4,400","4,383","4,483","4,350","44.83K","0.38%"
"2022- 12- 28","4,383","4,367","4,433","4,350","27.36K","-0.38%"
"2022- 12- 29","4,367","4,433","4,517","4,317","127.68K","-0.38%"
"2023- 01- 02","4,267","4,350","4,500","4,250","56.48K","-2.29%"
"2023- 01- 03","4,417","4,267","4,550","4,200","118.99K","3.52%"
"2023- 01- 04","4,433","4,383","4,500","4,367","40.12K","0.38%"
"2023- 01- 05","4,350","4,517","4,583","4,333","46.35K","-1.88%"
"2023- 01- 06","4,483","4,350","4,533","4,317","79.79K","3.06%"
"2023- 01- 09","4,583","4,617","4,667","4,500","78.70K","2.23%"
"2023- 01- 10","4,500","4,633","4,633","4,500","80.61K","-1.82%"
"2023- 01- 11","4,617","4,517","4,650","4,517","76.29K","2.59%"
"2023- 01- 12","4,633","4,633","4,817","4,533","158.93K","0.36%"
"2023- 01- 13","4,400","4,633","4,633","4,400","417.17K","-5.04%"
"2023- 01- 16","4,333","4,400","4,400","4,283","261.81K","-1.52%"
"2023- 01- 17","4,450","4,333","4,450","4,333","171.14K","2.69%"
"2023- 01- 18","5,083","4,433","5,217","4,433","2.09M","14.23%"
"2023- 01- 19","5,267","5,017","5,383","4,967","1.02M","3.61%"
"2023- 01- 20","5,267","5,250","5,483","5,133","349.35K","0.00%"
"2023- 01- 25","5,150","5,267","5,380","5,143","326.86K","-2.22%"
"2023- 01- 26","5,140","5,153","5,217","5,057","285.93K","-0.19%"
"2023- 01- 27","5,040","5,133","5,133","4,800","199.04K","-1.95%"
"2023- 01- 30","4,950","5,000","5,140","4,903","201.70K","-1.79%"
"2023- 01- 31","4,923","4,883","4,967","4,843","184.88K","-0.54%"
"2023- 02- 01","5,050","4,927","5,050","4,900","73.82K","2.57%"
"2023- 02- 02","5,243","5,110","5,277","5,007","442.10K","3.83%"
"2023- 02- 03","5,393","5,333","5,443","5,240","416.19K","2.86%"
"2023- 02- 05","16,180","16,180","16,180","16,180","","200.00%"
"2023- 02- 06","5,450","5,483","5,590","5,380","356.42K","-66.32%"
"2023- 02- 07","5,527","5,433","5,577","5,383","203.98K","1.41%"
"2023- 02- 08","5,490","5,633","5,700","5,480","296.18K","-0.66%"
"2023- 02- 09","5,400","5,500","5,600","5,367","249.74K","-1.64%"
"2023- 02- 10","5,447","5,483","5,690","5,300","413.39K","0.86%"
"2023- 02- 12","16,340","16,340","16,340","16,340","","200.00%"
"2023- 02- 13","5,300","5,467","5,467","5,183","210.11K","-67.56%"
"2023- 02- 14","5,290","5,300","5,383","5,243","84.29K","-0.19%"
"2023- 02- 15","5,360","5,293","5,463","5,197","217.50K","1.32%"
"2023- 02- 16","5,350","5,360","5,433","5,303","104.84K","-0.19%"
"2023- 02- 17","5,317","5,300","5,333","5,213","235.30K","-0.62%"
"2023- 02- 20","5,300","5,280","5,317","5,240","144.02K","-0.31%"
"2023- 02- 21","5,273","5,267","5,333","5,253","114.13K","-0.50%"
"2023- 02- 22","5,190","5,227","5,273","5,117","85.41K","-1.58%"
"2023- 02- 23","5,240","5,167","5,240","5,100","67.11K","0.96%"
"2023- 02- 24","5,167","5,190","5,240","5,057","76.84K","-1.40%"
"2023- 02- 27","5,140","5,067","5,347","5,003","192.63K","-0.52%"
"2023- 02- 28","5,203","5,140","5,267","5,083","87.81K","1.23%"
"2023- 03- 01","15,610","15,610","15,610","15,610","","200.00%"
"2023- 03- 02","4,933","5,250","5,250","4,933","219.36K","-68.40%"
"2023- 03- 03","4,910","4,887","4,990","4,887","86.71K","-0.47%"
"2023- 03- 06","4,923","4,923","4,923","4,807","81.67K","0.27%"
"2023- 03- 07","5,067","4,907","5,113","4,907","113.42K","2.91%"
"2023- 03- 08","4,950","5,087","5,087","4,917","76.01K","-2.30%"
"2023- 03- 09","4,913","4,920","5,033","4,897","66.08K","-0.74%"
"2023- 03- 10","4,720","4,893","4,893","4,697","78.82K","-3.93%"
"2023- 03- 13","4,647","4,633","4,713","4,450","88.56K","-1.55%"
"2023- 03- 14","4,433","4,647","4,650","4,433","93.44K","-4.59%"
"2023- 03- 15","4,503","4,520","4,583","4,467","33.98K","1.58%"
"2023- 03- 16","4,370","4,503","4,503","4,233","104.90K","-2.96%"
"2023- 03- 17","4,643","4,433","4,673","4,333","103.42K","6.25%"
"2023- 03- 20","4,643","4,617","4,737","4,580","43.04K","0.00%"
"2023- 03- 21","4,643","4,607","4,687","4,607","32.02K","0.00%"
"2023- 03- 22","4,627","4,663","4,720","4,557","33.80K","-0.36%"
"2023- 03- 23","4,663","4,597","4,733","4,540","87.86K","0.79%"
"2023- 03- 24","4,663","4,673","4,737","4,633","31.11K","0.00%"
"2023- 03- 27","4,587","4,720","4,720","4,483","41.79K","-1.64%"
"2023- 03- 28","4,757","4,633","4,757","4,590","64.62K","3.71%"
"2023- 03- 29","4,677","4,760","4,760","4,657","42.70K","-1.68%"
"2023- 03- 30","4,660","4,700","4,713","4,603","34.89K","-0.36%"
"2023- 03- 31","4,533","4,660","4,717","4,507","59.66K","-2.72%"
"2023- 04- 03","4,587","4,517","4,630","4,477","63.00K","1.18%"
"2023- 04- 04","4,633","4,583","4,690","4,513","51.04K","1.02%"
"2023- 04- 05","4,617","4,683","4,683","4,573","32.70K","-0.36%"
"2023- 04- 06","4,647","4,590","4,660","4,543","69.55K","0.65%"
"2023- 04- 07","4,733","4,697","4,780","4,593","86.30K","1.86%"
"2023- 04- 10","4,703","4,733","4,760","4,623","54.91K","-0.63%"
"2023- 04- 11","4,693","4,637","4,790","4,637","75.38K","-0.21%"
"2023- 04- 12","4,700","4,693","4,750","4,647","67.79K","0.14%"
"2023- 04- 13","4,763","4,743","4,763","4,677","60.65K","1.35%"
"2023- 04- 14","4,867","4,763","5,040","4,763","213.81K","2.17%"
"2023- 04- 16","14,600","14,600","14,600","14,600","","200.00%"
"2023- 04- 17","4,793","4,923","4,927","4,760","58.90K","-67.17%"
"2023- 04- 18","4,727","4,793","4,857","4,670","85.19K","-1.39%"
"2023- 04- 19","4,700","4,773","4,773","4,667","66.88K","-0.56%"
"2023- 04- 20","4,667","4,673","4,700","4,603","61.47K","-0.71%"
"2023- 04- 21","4,683","4,623","4,767","4,617","60.81K","0.36%"
"2023- 04- 24","4,613","4,620","4,673","4,583","47.79K","-1.49%"
"2023- 04- 25","4,450","4,560","4,610","4,397","108.11K","-3.54%"
"2023- 04- 26","4,430","4,450","4,483","4,383","33.45K","-0.45%"
"2023- 04- 27","4,443","4,387","4,483","4,363","20.69K","0.30%"
"2023- 04- 28","4,367","4,447","4,453","4,177","68.30K","-1.72%"
"2023- 05- 02","4,547","4,367","4,577","4,367","65.21K","4.12%"
"2023- 05- 03","4,550","4,500","4,663","4,500","21.43K","0.07%"
"2023- 05- 04","4,567","4,600","4,600","4,467","29.81K","0.37%"
"2023- 05- 08","4,533","4,573","4,600","4,520","13.53K","-0.73%"
"2023- 05- 09","4,550","4,530","4,567","4,343","48.95K","0.37%"
"2023- 05- 10","4,573","4,550","4,607","4,547","18.44K","0.51%"
"2023- 05- 11","4,687","4,593","4,750","4,543","82.04K","2.48%"
"2023- 05- 12","4,687","4,717","4,823","4,633","63.77K","0.00%"
"2023- 05- 15","4,853","4,750","4,933","4,733","170.61K","3.55%"
"2023- 05- 16","4,883","4,817","4,993","4,807","257.26K","0.62%"
"2023- 05- 17","5,073","4,883","5,127","4,800","282.51K","3.89%"
"2023- 05- 18","4,990","5,073","5,073","4,933","103.26K","-1.64%"
"2023- 05- 19","5,293","4,997","5,333","4,920","340.22K","6.08%"
"2023- 05- 22","5,667","5,850","6,867","5,520","19.32M","7.05%"
"2023- 05- 23","5,597","5,840","5,883","5,403","4.29M","-1.24%"
"2023- 05- 24","5,217","5,547","5,557","5,193","1.93M","-6.79%"
"2023- 05- 25","5,063","5,100","5,160","5,020","1.23M","-2.94%"
"2023- 05- 26","4,907","5,017","5,040","4,887","696.07K","-3.09%"
"2023- 05- 29","14,720","14,720","14,720","14,720","","200.00%"
"2023- 05- 30","5,107","4,933","5,133","4,920","604.35K","-65.31%"
"2023- 05- 31","5,003","5,107","5,120","4,950","397.73K","-2.02%"
"2023- 06- 01","5,050","4,967","5,460","4,960","2.17M","0.93%"
"2023- 06- 02","5,030","5,037","5,090","4,983","355.49K","-0.40%"
"2023- 06- 05","5,030","5,037","5,067","4,950","194.23K","0.00%"
"2023- 06- 06","15,090","15,090","15,090","15,090","","200.00%"
"2023- 06- 07","4,943","5,033","5,037","4,927","299.22K","-67.24%"
"2023- 06- 08","4,770","4,907","4,920","4,770","366.92K","-3.51%"
"2023- 06- 09","4,930","4,793","4,967","4,793","357.44K","3.35%"
"2023- 06- 12","5,000","4,933","5,037","4,877","236.67K","1.42%"
"2023- 06- 13","5,040","5,000","5,070","4,913","278.69K","0.80%"
"2023- 06- 14","4,953","5,037","5,100","4,950","338.09K","-1.72%"
"2023- 06- 15","5,147","5,000","5,183","4,927","479.31K","3.90%"
"2023- 06- 16","5,443","5,173","5,453","5,107","1.17M","5.76%"
"2023- 06- 19","5,570","5,500","5,600","5,417","1.03M","2.33%"
"2023- 06- 20","6,367","5,570","6,767","5,467","14.70M","14.30%"
"2023- 06- 21","5,837","6,183","6,183","5,837","1.58M","-8.32%"
"2023- 06- 22","5,763","5,837","5,920","5,723","789.90K","-1.26%"
"2023- 06- 23","5,733","5,750","5,897","5,670","504.65K","-0.52%"
"2023- 06- 25","17,200","17,200","17,200","17,200","","200.00%"
"2023- 06- 26","5,757","5,623","5,787","5,573","388.18K","-66.53%"
"2023- 06- 27","5,857","5,757","5,920","5,723","453.91K","1.74%"
"2023- 06- 28","5,867","5,863","6,007","5,843","433.93K","0.17%"
"2023- 06- 29","5,663","5,803","5,840","5,560","615.85K","-3.47%"
"2023- 06- 30","5,850","5,660","5,853","5,600","525.55K","3.30%"
"2023- 07- 02","17,550","17,550","17,550","17,550","","200.00%"
"2023- 07- 03","5,733","5,853","6,260","5,710","1.72M","-67.33%"
"2023- 07- 04","6,020","6,530","7,460","5,930","3.87M","5.00%"
"2023- 07- 05","5,630","6,070","6,070","5,630","389.37K","-6.48%"
"2023- 07- 06","5,410","5,540","5,580","5,350","217.25K","-3.91%"
"2023- 07- 07","5,380","5,300","5,520","5,300","106.35K","-0.55%"
"2023- 07- 10","5,420","5,330","5,440","5,330","81.28K","0.74%"
"2023- 07- 11","5,540","5,430","5,550","5,410","91.41K","2.21%"
"2023- 07- 12","5,750","5,570","5,770","5,530","119.76K","3.79%"
"2023- 07- 13","5,760","5,800","5,800","5,670","79.51K","0.17%"
"2023- 07- 14","5,720","5,800","5,800","5,570","83.95K","-0.69%"
"2023- 07- 17","5,800","5,640","5,930","5,540","146.65K","1.40%"
"2023- 07- 18","5,840","5,810","5,860","5,650","78.73K","0.69%"
"2023- 07- 19","6,330","5,900","6,980","5,600","1.22M","8.39%"
"2023- 07- 20","6,160","6,270","6,280","5,940","265.68K","-2.69%"
"2023- 07- 21","6,170","5,970","6,220","5,960","146.98K","0.16%"
"2023- 07- 23","6,170","6,170","6,170","6,170","","0.00%"
"2023- 07- 24","5,590","5,560","5,760","5,410","519.67K","-9.40%"
"2023- 07- 25","5,440","5,590","5,650","5,330","263.78K","-2.68%"
"2023- 07- 26","4,725","5,150","5,180","4,580","947.57K","-13.14%"
"2023- 07- 27","4,770","4,700","4,875","4,615","382.46K","0.95%"
"2023- 07- 28","4,925","4,755","4,995","4,755","180.87K","3.25%"
"2023- 07- 31","4,900","4,960","5,050","4,880","154.27K","-0.51%"
"2023- 08- 01","4,810","4,830","4,975","4,600","208.29K","-1.84%"
"2023- 08- 02","4,630","4,810","4,830","4,625","252.40K","-3.74%"
"2023- 08- 03","4,650","4,630","4,685","4,455","182.94K","0.43%"
"2023- 08- 04","4,810","4,575","4,825","4,575","164.92K","3.44%"
"2023- 08- 07","4,750","4,765","4,890","4,690","145.27K","-1.25%"
"2023- 08- 08","4,640","4,705","4,790","4,590","171.15K","-2.32%"
"2023- 08- 09","4,635","4,620","4,690","4,590","126.86K","-0.11%"
"2023- 08- 10","4,660","4,650","4,730","4,570","140.05K","0.54%"
"2023- 08- 11","4,750","4,650","4,800","4,650","123.45K","1.93%"
"2023- 08- 14","4,615","4,825","4,865","4,580","250.05K","-2.84%"
"2023- 08- 16","4,390","4,585","4,585","4,300","174.25K","-4.88%"
"2023- 08- 17","4,335","4,325","4,400","4,195","164.51K","-1.25%"
"2023- 08- 18","4,215","4,230","4,300","4,170","204.94K","-2.77%"
"2023- 08- 21","4,215","4,215","4,340","4,190","86.32K","0.00%"
"2023- 08- 22","4,200","4,210","4,240","4,130","129.64K","-0.36%"
"2023- 08- 23","4,330","4,150","4,370","4,145","159.75K","3.10%"
"2023- 08- 24","4,480","4,380","4,980","4,330","919.30K","3.46%"
"2023- 08- 25","4,495","4,450","4,590","4,415","112.58K","0.33%"
"2023- 08- 28","4,605","4,475","4,645","4,395","187.31K","2.45%"
"2023- 08- 29","4,800","4,610","4,870","4,595","200.53K","4.23%"
"2023- 08- 30","4,820","4,760","4,885","4,750","139.11K","0.42%"
"2023- 08- 31","4,755","4,825","4,850","4,745","84.60K","-1.35%"
"2023- 09- 01","4,800","4,765","4,925","4,740","128.66K","0.95%"
"2023- 09- 04","4,825","4,810","4,915","4,750","96.39K","0.52%"
"2023- 09- 05","4,735","4,830","4,870","4,685","134.65K","-1.87%"
"2023- 09- 06","4,730","4,740","4,830","4,685","63.45K","-0.11%"
"2023- 09- 07","4,645","4,735","4,750","4,640","115.82K","-1.80%"
"2023- 09- 08","4,725","4,690","4,850","4,645","84.56K","1.72%"
"2023- 09- 11","4,760","4,735","4,845","4,665","130.94K","0.74%"
"2023- 09- 12","4,770","4,750","4,865","4,685","92.75K","0.21%"
"2023- 09- 13","4,680","4,710","4,765","4,630","132.89K","-1.89%"
"2023- 09- 14","4,675","4,680","4,730","4,630","65.08K","-0.11%"
"2023- 09- 15","4,680","4,640","4,695","4,615","40.38K","0.11%"
"2023- 09- 18","4,595","4,635","4,680","4,575","40.70K","-1.82%"
"2023- 09- 19","4,470","4,560","4,620","4,400","106.10K","-2.72%"
"2023- 09- 20","4,400","4,430","4,540","4,380","69.77K","-1.57%"
"2023- 09- 21","4,260","4,375","4,410","4,185","97.62K","-3.18%"
"2023- 09- 22","4,690","4,185","4,800","4,185","653.27K","10.09%"
"2023- 09- 24","4,690","4,690","4,690","4,690","","0.00%"
"2023- 09- 25","4,470","4,610","4,680","4,430","167.93K","-4.69%"
"2023- 09- 26","4,285","4,440","4,495","4,095","237.24K","-4.14%"
"2023- 09- 27","4,230","4,210","4,300","4,170","51.86K","-1.28%"
"2023- 10- 04","3,900","4,150","4,230","3,900","185.57K","-7.80%"
"2023- 10- 05","3,910","3,920","3,990","3,845","61.29K","0.26%"
"2023- 10- 06","4,025","3,810","4,065","3,805","75.77K","2.94%"
"2023- 10- 09","4,025","4,025","4,025","4,025","","0.00%"
"2023- 10- 10","3,900","4,000","4,045","3,830","88.61K","-3.11%"
"2023- 10- 11","3,955","3,915","4,035","3,900","28.15K","1.41%"
"2023- 10- 12","4,065","3,935","4,150","3,925","120.91K","2.78%"
"2023- 10- 13","3,935","4,090","4,090","3,860","109.10K","-3.20%"
"2023- 10- 16","3,805","3,880","3,935","3,730","85.55K","-3.30%"
"2023- 10- 17","3,850","3,810","3,940","3,800","74.04K","1.18%"
"2023- 10- 18","3,800","3,865","3,890","3,745","54.95K","-1.30%"
"2023- 10- 19","3,665","3,760","3,800","3,630","94.81K","-3.55%"
"2023- 10- 20","3,580","3,540","3,660","3,435","140.46K","-2.32%"
"2023- 10- 23","3,575","3,525","3,670","3,515","64.03K","-0.14%"
"2023- 10- 24","3,690","3,550","3,690","3,440","86.72K","3.22%"
"2023- 10- 25","3,730","3,690","3,780","3,675","50.50K","1.08%"
"2023- 10- 26","3,685","3,690","3,690","3,410","58.56K","-1.21%"
"2023- 10- 27","3,605","3,685","3,745","3,605","30.49K","-2.17%"
"2023- 10- 30","3,470","3,535","3,605","3,460","67.76K","-3.74%"
"2023- 10- 31","3,470","3,480","3,525","3,385","41.01K","0.00%"
"2023- 11- 01","3,460","3,470","3,490","3,410","29.85K","-0.29%"
"2023- 11- 02","4,050","3,480","4,495","3,475","7.10M","17.05%"
"2023- 11- 03","3,850","3,890","3,980","3,805","1.01M","-4.94%"
"2023- 11- 05","3,850","3,850","3,850","3,850","","0.00%"
"2023- 11- 06","3,865","3,820","3,905","3,760","482.14K","0.39%"
"2023- 11- 07","3,745","3,835","3,880","3,700","406.99K","-3.10%"
"2023- 11- 08","3,635","3,700","3,810","3,600","344.32K","-2.94%"
"2023- 11- 09","3,415","3,610","3,650","3,385","688.07K","-6.05%"
"2023- 11- 10","3,390","3,410","3,415","3,330","206.05K","-0.73%"
"2023- 11- 13","3,330","3,365","3,405","3,270","205.84K","-1.77%"
"2023- 11- 14","3,325","3,300","3,385","3,300","83.42K","-0.15%"
"2023- 11- 15","3,420","3,365","3,450","3,365","130.50K","2.86%"
"2023- 11- 16","3,435","3,420","3,460","3,370","69.65K","0.44%"
"2023- 11- 17","3,350","3,460","3,460","3,305","173.23K","-2.47%"
"2023- 11- 20","3,450","3,380","3,455","3,330","105.33K","2.99%"
"2023- 11- 21","3,480","3,445","3,500","3,410","100.22K","0.87%"
"2023- 11- 22","3,490","3,495","3,500","3,415","68.89K","0.29%"
"2023- 11- 23","3,455","3,480","3,510","3,425","79.55K","-1.00%"
"2023- 11- 24","3,440","3,445","3,480","3,420","38.07K","-0.43%"
"2023- 11- 27","3,435","3,450","3,485","3,425","43.88K","-0.15%"
"2023- 11- 28","3,505","3,440","3,505","3,415","60.51K","2.04%"
"2023- 11- 29","3,465","3,500","3,500","3,425","59.85K","-1.14%"
"2023- 11- 30","3,465","3,465","3,465","3,445","50.78K","0.00%"
"2023- 12- 01","3,480","3,465","3,505","3,440","44.30K","0.43%"
"2023- 12- 04","3,540","3,485","3,565","3,435","71.63K","1.72%"
"2023- 12- 05","3,460","3,540","3,550","3,435","92.96K","-2.26%"
"2023- 12- 06","3,700","3,475","3,940","3,440","1.73M","6.94%"
"2023- 12- 07","3,655","3,700","3,705","3,590","187.35K","-1.22%"
"2023- 12- 08","3,615","3,655","3,690","3,590","92.13K","-1.09%"
"2023- 12- 11","3,930","3,615","4,270","3,605","3.75M","8.71%"
"2023- 12- 12","3,865","3,895","3,955","3,855","403.46K","-1.65%"
"2023- 12- 13","3,900","3,855","3,900","3,730","290.28K","0.91%"
"2023- 12- 14","3,960","3,900","3,990","3,750","510.19K","1.54%"
"2023- 12- 15","3,820","3,935","3,935","3,795","264.64K","-3.54%"
"2023- 12- 18","3,775","3,840","3,875","3,650","111.23K","-1.18%"
"2023- 12- 19","4,020","3,745","4,545","3,720","4.57M","6.49%"
"2023- 12- 20","4,000","3,995","4,125","3,945","490.26K","-0.50%"
"2023- 12- 21","4,075","3,995","4,215","3,945","438.50K","1.88%"
"2023- 12- 22","4,010","4,095","4,100","3,995","237.99K","-1.60%"
"2023- 12- 26","3,870","3,980","3,980","3,840","215.07K","-3.49%"
"2023- 12- 27","3,925","3,910","3,990","3,840","101.14K","1.42%"
"2023- 12- 28","3,985","3,925","4,015","3,915","97.74K","1.53%"
"2024- 01- 02","4,040","4,060","4,060","3,940","125.02K","1.38%"
"2024- 01- 03","4,020","3,960","4,025","3,920","96.30K","-0.50%"
"2024- 01- 04","3,965","4,015","4,015","3,900","84.55K","-1.37%"
"2024- 01- 05","4,000","3,965","4,030","3,945","65.55K","0.88%"
"2024- 01- 08","4,120","4,000","4,140","3,975","193.56K","3.00%"
"2024- 01- 09","4,115","4,110","4,165","4,100","127.93K","-0.12%"
"2024- 01- 10","3,995","4,115","4,140","3,995","90.21K","-2.92%"
"2024- 01- 11","4,045","4,050","4,080","4,005","43.60K","1.25%"
"2024- 01- 12","3,860","4,010","4,020","3,820","130.86K","-4.57%"
"2024- 01- 15","3,725","3,815","3,855","3,715","87.98K","-3.50%"
"2024- 01- 16","4,050","3,705","4,090","3,675","322.35K","8.72%"
"2024- 01- 17","4,040","4,060","4,090","3,835","146.92K","-0.25%"
"2024- 01- 18","3,835","4,040","4,510","3,825","2.87M","-5.07%"
"2024- 01- 19","3,790","3,850","3,905","3,785","159.54K","-1.17%"
"2024- 01- 21","3,790","3,790","3,790","3,790","","0.00%"
"2024- 01- 22","3,745","3,795","3,845","3,745","117.36K","-1.19%"
"2024- 01- 23","3,880","3,730","3,910","3,730","128.00K","3.60%"
"2024- 01- 24","3,805","3,845","3,890","3,785","65.47K","-1.93%"
"2024- 01- 25","3,795","3,805","3,805","3,670","116.93K","-0.26%"
"2024- 01- 26","3,835","3,795","3,920","3,755","86.83K","1.05%"
"2024- 01- 29","3,775","3,850","3,950","3,720","102.62K","-1.56%"
"2024- 01- 30","3,750","3,805","3,815","3,750","38.90K","-0.66%"
"2024- 01- 31","3,725","3,750","3,795","3,700","37.64K","-0.67%"
"2024- 02- 01","3,700","3,725","3,735","3,605","80.39K","-0.67%"
"2024- 02- 02","3,705","3,650","3,785","3,650","51.90K","0.14%"
"2024- 02- 05","3,730","3,700","3,730","3,670","30.57K","0.67%"
"2024- 02- 06","3,710","3,705","3,740","3,665","43.22K","-0.54%"
"2024- 02- 07","3,690","3,730","3,785","3,565","37.13K","-0.54%"
"2024- 02- 08","3,755","3,690","3,755","3,680","20.31K","1.76%"
"2024- 02- 13","3,800","3,755","3,800","3,695","40.28K","1.20%"
"2024- 02- 14","3,835","3,795","3,850","3,750","41.20K","0.92%"
"2024- 02- 15","3,825","3,855","3,855","3,775","36.39K","-0.26%"
"2024- 02- 16","3,780","3,805","3,830","3,750","36.57K","-1.18%"
"2024- 02- 19","3,800","3,825","3,825","3,770","16.43K","0.53%"
"2024- 02- 20","3,805","3,815","4,575","3,780","8.26M","0.13%"
"2024- 02- 21","3,670","3,810","3,810","3,660","464.64K","-3.55%"
"2024- 02- 22","3,610","3,605","3,670","3,565","191.41K","-1.63%"
"2024- 02- 23","3,595","3,590","3,650","3,570","93.65K","-0.42%"
"2024- 02- 25","3,595","3,595","3,595","3,595","","0.00%"
"2024- 02- 26","3,640","3,600","3,665","3,600","54.51K","1.25%"
"2024- 02- 27","3,570","3,605","3,735","3,530","192.87K","-1.92%"
"2024- 02- 28","3,600","3,540","3,620","3,520","51.45K","0.84%"
"2024- 02- 29","3,595","3,570","3,655","3,540","39.41K","-0.14%"
"2024- 03- 04","3,525","3,555","3,600","3,500","60.77K","-1.95%"
"2024- 03- 05","3,460","3,520","3,525","3,435","81.05K","-1.84%"
"2024- 03- 06","3,420","3,430","3,500","3,400","41.61K","-1.16%"
"2024- 03- 07","3,315","3,430","3,435","3,305","92.65K","-3.07%"
"2024- 03- 08","3,490","3,350","3,490","3,310","68.60K","5.28%"
"2024- 03- 11","3,585","3,490","3,615","3,470","71.53K","2.72%"
"2024- 03- 12","3,605","3,585","3,635","3,530","47.58K","0.56%"
"2024- 03- 13","3,550","3,605","3,620","3,540","34.84K","-1.53%"
"2024- 03- 14","3,605","3,550","3,660","3,550","37.46K","1.55%"
"2024- 03- 15","3,575","3,560","3,640","3,425","93.37K","-0.83%"
"2024- 03- 18","3,770","3,580","3,935","3,575","1.06M","5.45%"
"2024- 03- 19","3,725","3,715","3,775","3,650","138.98K","-1.19%"
"2024- 03- 20","3,655","3,715","3,730","3,650","90.02K","-1.88%"
"2024- 03- 21","3,765","3,670","3,835","3,660","199.23K","3.01%"
"2024- 03- 22","3,785","3,780","3,805","3,695","65.66K","0.53%"
"2024- 03- 25","3,880","3,755","3,925","3,755","195.76K","2.51%"
"2024- 03- 26","3,955","3,895","3,980","3,850","163.94K","1.93%"
"2024- 03- 27","3,960","3,920","4,040","3,920","216.80K","0.13%"
"2024- 03- 28","3,915","3,915","3,965","3,840","110.62K","-1.14%"
"2024- 03- 29","3,970","3,905","4,005","3,880","118.35K","1.40%"
"2024- 04- 01","3,975","3,935","4,005","3,920","47.31K","0.13%"
"2024- 04- 02","3,780","3,945","4,550","3,770","1.76M","-4.91%"
"2024- 04- 03","3,770","3,810","3,850","3,705","182.73K","-0.26%"
"2024- 04- 04","3,775","3,770","3,920","3,740","156.28K","0.13%"
"2024- 04- 05","3,740","3,770","3,770","3,665","58.09K","-0.93%"
"2024- 04- 08","3,705","3,745","3,850","3,700","56.93K","-0.94%"
"2024- 04- 09","3,800","3,670","3,800","3,670","64.57K","2.56%"
"2024- 04- 11","3,770","3,790","3,805","3,690","48.72K","-0.79%"
"2024- 04- 12","3,800","3,840","3,840","3,765","48.57K","0.80%"
"2024- 04- 15","3,740","3,725","3,800","3,700","35.46K","-1.58%"
"2024- 04- 16","3,660","3,675","3,730","3,620","50.37K","-2.14%"
"2024- 04- 17","3,630","3,610","3,695","3,610","35.40K","-0.82%"
"2024- 04- 18","3,830","3,630","3,855","3,615","63.02K","5.51%"
"2024- 04- 19","3,765","3,830","3,830","3,705","40.63K","-1.70%"
"2024- 04- 22","3,725","3,780","3,870","3,725","31.67K","-1.06%"
"2024- 04- 23","3,780","3,725","3,785","3,690","20.84K","1.48%"
"2024- 04- 24","3,765","3,750","3,820","3,745","27.51K","-0.40%"
"2024- 04- 25","3,680","3,765","3,765","3,680","41.43K","-2.26%"
"2024- 04- 26","3,590","3,680","3,680","3,560","79.86K","-2.45%"
"2024- 04- 29","3,505","3,610","3,670","3,505","59.36K","-2.37%"
"2024- 04- 30","3,680","3,555","3,760","3,555","97.47K","4.99%"
"2024- 05- 02","3,805","3,695","3,845","3,650","93.21K","3.40%"
"2024- 05- 03","3,660","3,820","3,820","3,625","119.35K","-3.81%"
"2024- 05- 07","3,630","3,650","3,680","3,605","34.18K","-0.82%"
"2024- 05- 08","3,625","3,630","3,630","3,570","23.74K","-0.14%"
"2024- 05- 09","3,665","3,625","3,730","3,605","83.95K","1.10%"
"2024- 05- 10","3,665","3,665","3,680","3,620","26.03K","0.00%"
"2024- 05- 13","3,735","3,680","3,740","3,635","54.67K","1.91%"
"2024- 05- 14","3,715","3,735","3,795","3,675","35.97K","-0.54%"
"2024- 05- 16","3,750","3,715","3,845","3,670","103.63K","0.94%"
"2024- 05- 17","3,725","3,720","3,780","3,680","77.67K","-0.67%"
"2024- 05- 20","3,685","3,750","3,775","3,680","31.27K","-1.07%"
"2024- 05- 21","3,825","3,665","3,875","3,665","156.93K","3.80%"
"2024- 05- 22","3,730","3,835","3,840","3,730","45.57K","-2.48%"
"2024- 05- 23","3,870","3,700","3,920","3,700","140.20K","3.75%"
"2024- 05- 24","3,780","3,810","3,865","3,765","56.27K","-2.33%"
"2024- 05- 27","3,885","3,790","3,985","3,790","180.44K","2.78%"
"2024- 05- 28","3,875","3,955","3,955","3,830","49.21K","-0.26%"
"2024- 05- 29","3,780","3,875","3,880","3,720","64.14K","-2.45%"
"2024- 05- 30","3,750","3,720","3,775","3,720","24.75K","-0.79%"
"2024- 05- 31","3,695","3,750","3,775","3,685","30.95K","-1.47%"
"2024- 06- 03","3,675","3,670","3,740","3,635","45.75K","-0.54%"
"2024- 06- 04","3,675","3,670","3,695","3,630","22.34K","0.00%"
"2024- 06- 05","3,625","3,695","3,695","3,600","31.41K","-1.36%"
"2024- 06- 07","3,610","3,645","3,645","3,575","26.39K","-0.41%"
"2024- 06- 10","3,635","3,590","3,705","3,590","44.69K","0.69%"
"2024- 06- 11","3,600","3,605","3,655","3,580","34.81K","-0.96%"
"2024- 06- 12","3,565","3,610","3,620","3,555","38.66K","-0.97%"
"2024- 06- 13","3,555","3,570","3,620","3,545","41.30K","-0.28%"
"2024- 06- 14","3,365","3,555","3,565","3,365","177.16K","-5.34%"
"2024- 06- 17","3,360","3,365","3,415","3,350","43.90K","-0.15%"
"2024- 06- 18","3,370","3,360","3,380","3,310","43.24K","0.30%"
"2024- 06- 19","3,330","3,340","3,380","3,315","17.13K","-1.19%"
"2024- 06- 20","3,330","3,330","3,355","3,280","25.42K","0.00%"
"2024- 06- 21","3,160","3,330","3,345","3,145","89.45K","-5.11%"
"2024- 06- 24","3,060","3,195","3,195","3,060","63.22K","-3.16%"
"2024- 06- 25","3,000","3,055","3,140","2,985","83.38K","-1.96%"
"2024- 06- 26","3,030","3,045","3,045","2,975","42.79K","1.00%"
"2024- 06- 27","3,000","3,045","3,045","2,980","41.35K","-0.99%"
"2024- 06- 28","3,060","3,010","3,070","2,980","45.32K","2.00%"
"2024- 07- 01","3,055","3,015","3,120","3,015","16.19K","-0.16%"
"2024- 07- 02","2,995","3,085","3,090","2,995","25.70K","-1.96%"
"2024- 07- 03","2,720","2,995","3,030","2,720","245.28K","-9.18%"
"2024- 07- 04","2,630","2,725","2,795","2,600","186.86K","-3.31%"
"2024- 07- 05","2,630","2,605","2,695","2,605","108.92K","0.00%"
"2024- 07- 08","2,585","2,645","2,645","2,455","268.31K","-1.71%"
"2024- 07- 09","2,530","2,620","2,635","2,490","123.48K","-2.13%"
"2024- 07- 10","2,600","2,530","2,600","2,465","60.25K","2.77%"
"2024- 07- 11","2,525","2,600","2,630","2,480","152.86K","-2.88%"
"2024- 07- 12","2,640","2,525","2,715","2,525","104.00K","4.55%"
"2024- 07- 15","2,620","2,640","2,665","2,585","25.59K","-0.76%"
"2024- 07- 16","2,580","2,625","2,650","2,525","28.61K","-1.53%"
"2024- 07- 17","2,575","2,590","2,630","2,565","30.49K","-0.19%"
"2024- 07- 18","2,545","2,575","2,600","2,500","29.37K","-1.17%"
"2024- 07- 19","2,545","2,520","2,560","2,510","28.27K","0.00%"
"2024- 07- 22","2,440","2,520","2,565","2,440","59.63K","-4.13%"
"2024- 07- 23","2,445","2,440","2,495","2,420","23.39K","0.20%"
"2024- 07- 24","2,395","2,420","2,445","2,255","54.80K","-2.04%"
"2024- 07- 25","2,335","2,395","2,435","2,285","55.45K","-2.51%"
"2024- 07- 26","2,390","2,335","2,390","2,300","13.94K","2.36%"
"2024- 07- 29","2,425","2,365","2,435","2,350","12.50K","1.46%"
"2024- 07- 30","2,365","2,395","2,435","2,305","22.46K","-2.47%"
"2024- 07- 31","2,375","2,320","2,385","2,310","29.76K","0.42%"
"2024- 08- 01","2,525","2,375","2,565","2,375","69.02K","6.32%"
"2024- 08- 02","2,555","2,485","2,655","2,465","159.64K","1.19%"
"2024- 08- 05","2,385","2,555","2,690","2,255","180.46K","-6.65%"
"2024- 08- 06","2,490","2,285","2,670","2,285","109.66K","4.40%"
"2024- 08- 07","2,585","2,455","2,630","2,455","81.13K","3.82%"
"2024- 08- 08","2,570","2,640","2,745","2,520","92.68K","-0.58%"
"2024- 08- 09","2,505","2,550","2,620","2,505","56.15K","-2.53%"
"2024- 08- 12","2,610","2,505","2,630","2,505","30.85K","4.19%"
"2024- 08- 13","2,655","2,585","2,665","2,585","24.91K","1.72%"
"2024- 08- 14","2,600","2,625","2,700","2,600","26.63K","-2.07%"
"2024- 08- 16","2,635","2,605","2,680","2,525","23.18K","1.35%"
"2024- 08- 19","2,570","2,635","2,635","2,520","64.05K","-2.47%"
"2024- 08- 20","2,545","2,555","2,620","2,535","35.26K","-0.97%"
"2024- 08- 21","2,505","2,550","2,575","2,485","45.47K","-1.57%"
"2024- 08- 22","2,895","2,505","3,175","2,480","4.45M","15.57%"
"2024- 08- 23","2,860","2,775","3,000","2,750","1.01M","-1.21%"
"2024- 08- 26","2,905","2,885","2,995","2,815","366.01K","1.57%"
"2024- 08- 27","3,095","2,910","3,285","2,830","1.14M","6.54%"
"2024- 08- 28","2,915","3,095","3,575","2,830","4.05M","-5.82%"
"2024- 08- 29","2,745","2,890","3,005","2,680","531.72K","-5.83%"
"2024- 08- 30","2,765","2,745","2,840","2,700","164.96K","0.73%"
"2024- 09- 02","2,680","2,740","2,830","2,665","226.93K","-3.07%"
"2024- 09- 03","2,600","2,680","2,770","2,600","96.39K","-2.99%"
"2024- 09- 04","2,495","2,545","3,040","2,420","2.01M","-4.04%"
"2024- 09- 05","2,450","2,475","2,685","2,415","361.56K","-1.80%"
"2024- 09- 06","2,375","2,430","2,470","2,360","162.76K","-3.06%"
"2024- 09- 09","2,385","2,350","2,410","2,345","59.02K","0.42%"
"2024- 09- 10","2,355","2,370","2,430","2,355","49.54K","-1.26%"
"2024- 09- 11","2,370","2,360","2,475","2,355","55.42K","0.64%"
"2024- 09- 12","2,435","2,355","2,450","2,355","44.12K","2.74%"
"2024- 09- 13","2,445","2,420","2,550","2,415","95.89K","0.41%"
"2024- 09- 19","2,490","2,445","2,500","2,420","43.74K","1.84%"
"2024- 09- 20","2,555","2,515","2,575","2,500","60.07K","2.61%"
"2024- 09- 23","2,475","2,520","2,580","2,475","41.06K","-3.13%"
"2024- 09- 24","2,475","2,450","2,525","2,445","28.28K","0.00%"
"2024- 09- 25","2,500","2,480","2,550","2,480","39.35K","1.01%"
"2024- 09- 26","2,530","2,500","2,540","2,495","18.08K","1.20%"
"2024- 09- 27","2,620","2,530","2,685","2,495","130.90K","3.56%"
"2024- 09- 30","2,560","2,630","2,630","2,560","24.79K","-2.29%"
"2024- 10- 02","2,480","2,560","2,595","2,480","70.03K","-3.13%"
"2024- 10- 04","2,520","2,485","2,570","2,485","14.20K","1.61%"
"2024- 10- 07","2,500","2,480","2,550","2,465","40.42K","-0.79%"
"2024- 10- 08","2,460","2,500","2,515","2,400","55.55K","-1.60%"
"2024- 10- 10","2,360","2,440","2,445","2,355","101.65K","-4.07%"
"2024- 10- 11","2,355","2,385","2,410","2,355","37.31K","-0.21%"
"2024- 10- 14","2,335","2,345","2,370","2,295","38.54K","-0.85%"
"2024- 10- 15","2,335","2,330","2,360","2,330","9.76K","0.00%"
"2024- 10- 16","2,320","2,335","2,335","2,280","67.62K","-0.64%"
"2024- 10- 17","2,300","2,335","2,340","2,285","34.32K","-0.86%"
"2024- 10- 18","2,270","2,280","2,300","2,260","18.58K","-1.30%"
"2024- 10- 21","2,290","2,270","2,345","2,265","34.08K","0.88%"
"2024- 10- 22","2,270","2,270","2,510","2,250","276.58K","-0.87%"
"2024- 10- 23","2,270","2,285","2,390","2,225","152.49K","0.00%"
"2024- 10- 24","2,255","2,270","2,300","2,245","29.93K","-0.66%"
"2024- 10- 25","2,220","2,220","2,270","2,210","89.06K","-1.55%"
"2024- 10- 28","2,225","2,210","2,265","2,210","46.69K","0.23%"
"2024- 10- 29","2,265","2,210","2,265","2,210","27.73K","1.80%"
"2024- 10- 30","2,195","2,260","2,265","2,190","58.52K","-3.09%"
"2024- 10- 31","2,150","2,170","2,180","2,115","61.92K","-2.05%"
"2024- 11- 01","2,070","2,090","2,120","2,060","70.88K","-3.72%"
"2024- 11- 04","2,150","2,070","2,250","2,055","219.54K","3.86%"
"2024- 11- 05","2,165","2,135","2,185","2,105","74.03K","0.70%"
"2024- 11- 06","2,115","2,170","2,180","2,115","29.15K","-2.31%"
"2024- 11- 07","2,070","2,110","2,110","2,055","49.03K","-2.13%"
"2024- 11- 08","2,020","2,070","2,160","2,005","82.95K","-2.42%"
"2024- 11- 11","2,090","2,020","2,115","1,930","224.69K","3.47%"
"2024- 11- 12","1,995","2,085","2,085","1,981","57.42K","-4.55%"
"2024- 11- 13","1,957","1,940","2,000","1,940","25.81K","-1.90%"
"2024- 11- 14","2,070","1,950","2,110","1,950","101.33K","5.77%"
"2024- 11- 15","2,185","2,140","2,220","2,050","141.33K","5.56%"
"2024- 11- 18","2,200","2,170","2,235","2,170","79.46K","0.69%"
"2024- 11- 19","2,235","2,180","2,290","2,180","106.10K","1.59%"
"2024- 11- 20","2,290","2,220","2,355","2,220","109.41K","2.46%"
"2024- 11- 21","2,340","2,295","2,370","2,295","98.29K","2.18%"
"2024- 11- 22","2,355","2,350","2,385","2,340","85.63K","0.64%"
"2024- 11- 25","2,435","2,350","2,445","2,335","100.16K","3.40%"
"2024- 11- 26","2,490","2,420","2,500","2,350","98.74K","2.26%"
"2024- 11- 27","2,540","2,495","2,550","2,475","89.57K","2.01%"
"2024- 11- 28","2,540","2,530","2,555","2,485","72.35K","0.00%"
"2024- 11- 29","2,510","2,530","2,545","2,470","90.83K","-1.18%"
"2024- 12- 02","2,540","2,505","2,560","2,505","110.88K","1.20%"
"2024- 12- 03","2,570","2,540","2,575","2,510","59.35K","1.18%"
"2024- 12- 04","2,535","2,470","2,590","2,470","102.78K","-1.36%"
"2024- 12- 05","2,535","2,525","2,560","2,470","97.78K","0.00%"
"2024- 12- 06","2,500","2,535","2,550","2,410","69.81K","-1.38%"
"2024- 12- 09","2,445","2,415","2,500","2,370","84.12K","-2.20%"
"2024- 12- 10","2,495","2,430","2,525","2,430","79.93K","2.04%"
"2024- 12- 11","2,545","2,495","2,570","2,490","42.37K","2.00%"
"2024- 12- 12","2,630","2,550","2,640","2,545","71.11K","3.34%"
"2024- 12- 13","2,720","2,685","2,730","2,620","151.55K","3.42%"
"2024- 12- 16","2,655","2,750","2,750","2,635","66.11K","-2.39%"
"2024- 12- 17","2,575","2,655","2,670","2,575","42.41K","-3.01%"
"2024- 12- 18","2,585","2,555","2,655","2,525","52.21K","0.39%"
"2024- 12- 19","2,570","2,490","2,705","2,490","60.05K","-0.58%"
"2024- 12- 20","2,635","2,585","2,710","2,545","119.76K","2.53%"
"2024- 12- 23","2,620","2,635","2,690","2,510","83.14K","-0.57%"
"2024- 12- 24","2,540","2,600","2,635","2,540","74.88K","-3.05%"
"2024- 12- 26","2,580","2,515","2,620","2,500","66.68K","1.57%"
"2024- 12- 27","2,580","2,560","2,595","2,540","51.67K","0.00%"
"2024- 12- 30","2,590","2,580","2,635","2,555","39.50K","0.39%"
"2025- 01- 02","2,620","2,565","2,645","2,565","57.73K","1.16%"
"2025- 01- 03","2,665","2,650","2,685","2,635","49.10K","1.72%"
"2025- 01- 06","2,670","2,615","2,695","2,610","30.23K","0.19%"
"2025- 01- 07","2,660","2,670","2,720","2,640","71.73K","-0.37%"
"2025- 01- 08","2,625","2,660","2,660","2,595","60.41K","-1.32%"
"2025- 01- 09","2,655","2,630","2,660","2,595","157.12K","1.14%"
"2025- 01- 10","2,720","2,655","2,745","2,635","40.61K","2.45%"
"2025- 01- 13","2,795","2,700","2,860","2,700","91.90K","2.76%"
"2025- 01- 14","2,800","2,795","2,825","2,710","41.83K","0.18%"
"2025- 01- 15","2,875","2,800","2,970","2,770","251.73K","2.68%"
"2025- 01- 16","2,915","2,920","2,985","2,840","131.50K","1.39%"
"2025- 01- 17","2,860","2,915","2,915","2,810","58.90K","-1.89%"
"2025- 01- 20","2,750","2,840","2,840","2,750","134.65K","-3.85%"
"2025- 01- 21","2,780","2,725","2,800","2,710","47.09K","1.09%"
"2025- 01- 22","2,795","2,745","2,825","2,730","70.22K","0.54%"
"2025- 01- 23","2,810","2,815","2,845","2,750","39.70K","0.54%"
"2025- 01- 24","2,800","2,810","2,840","2,780","25.01K","-0.36%"
"2025- 01- 31","2,790","2,800","2,850","2,790","37.19K","-0.36%"
"2025- 02- 03","2,710","2,790","2,790","2,700","27.23K","-2.87%"
"2025- 02- 04","2,735","2,725","2,750","2,700","18.95K","0.92%"
"2025- 02- 05","2,780","2,745","2,805","2,740","36.99K","1.65%"
"2025- 02- 06","2,780","2,795","2,800","2,765","56.65K","0.00%"
"2025- 02- 07","2,745","2,770","2,780","2,720","33.00K","-1.26%"
"2025- 02- 10","2,770","2,755","2,820","2,745","23.27K","0.91%"
"2025- 02- 11","2,775","2,785","2,810","2,755","27.07K","0.18%"
"2025- 02- 12","2,555","2,780","2,785","2,555","90.98K","-7.93%"
"2025- 02- 13","2,560","2,550","2,625","2,530","34.79K","0.20%"
"2025- 02- 14","2,570","2,560","2,620","2,560","24.61K","0.39%"
"2025- 02- 17","2,535","2,570","2,580","2,520","40.79K","-1.36%"
"2025- 02- 18","2,545","2,535","2,610","2,505","64.66K","0.39%"
"2025- 02- 19","2,535","2,545","2,550","2,505","37.33K","-0.39%"
"2025- 02- 20","3,010","2,565","3,165","2,565","5.09M","18.74%"
"2025- 02- 21","3,040","2,980","3,130","2,915","1.09M","1.00%"
"2025- 02- 24","3,115","2,990","3,155","2,990","529.27K","2.47%"
"2025- 02- 25","3,075","3,200","3,200","2,970","211.25K","-1.28%"
"2025- 02- 26","2,950","3,015","3,075","2,840","216.44K","-4.07%"
"2025- 02- 27","2,905","2,885","2,935","2,860","108.52K","-1.53%"
"2025- 02- 28","3,010","2,880","3,290","2,810","1.08M","3.61%"
"2025- 03- 04","3,100","3,010","3,150","3,005","233.66K","2.99%"
"2025- 03- 05","2,955","3,060","3,082","2,820","191.49K","-4.68%"
"2025- 03- 06","3,040","2,925","3,290","2,865","731.04K","2.88%"
"2025- 03- 07","3,050","3,000","3,155","2,940","265.60K","0.33%"
"2025- 03- 10","3,175","3,045","3,285","2,925","661.69K","4.10%"
"2025- 03- 11","2,980","3,105","3,150","2,950","218.35K","-6.14%"
"2025- 03- 12","2,985","2,980","3,065","2,940","140.87K","0.17%"
"2025- 03- 13","2,760","3,030","3,030","2,760","158.29K","-7.54%"
"2025- 03- 14","2,625","2,735","2,815","2,595","201.54K","-4.89%"
"2025- 03- 17","2,650","2,625","2,730","2,595","93.71K","0.95%"
"2025- 03- 18","2,740","2,650","2,780","2,650","121.13K","3.40%"
"2025- 03- 19","2,715","2,740","2,820","2,685","62.90K","-0.91%"
"2025- 03- 20","2,595","2,775","2,775","2,595","81.70K","-4.42%"
"2025- 03- 21","2,605","2,575","2,650","2,530","61.45K","0.39%"
"2025- 03- 24","2,650","2,600","2,680","2,570","120.23K","1.73%"
"2025- 03- 25","2,605","2,635","2,650","2,580","26.41K","-1.70%"
"2025- 03- 26","2,595","2,630","2,630","2,555","13.07K","-0.38%"
"2025- 03- 27","2,590","2,595","2,650","2,550","31.10K","-0.19%"
"2025- 03- 28","2,460","2,630","2,630","2,440","75.47K","-5.02%"
"2025- 03- 31","2,265","2,455","2,455","2,260","143.28K","-7.93%"
"2025- 04- 01","2,440","2,240","2,585","2,240","174.72K","7.73%"
"2025- 04- 02","2,395","2,475","2,490","2,305","47.79K","-1.84%"
"2025- 04- 03","2,355","2,400","2,410","2,355","39.62K","-1.67%"
"2025- 04- 04","2,375","2,280","2,550","2,280","68.12K","0.85%"
"2025- 04- 07","2,310","2,375","2,395","2,175","56.19K","-2.74%"
"2025- 04- 08","2,295","2,290","2,395","2,290","24.42K","-0.65%"
"2025- 04- 09","2,170","2,265","2,285","2,150","49.13K","-5.45%"
"2025- 04- 10","2,300","2,180","2,380","2,180","79.55K","5.99%"
"2025- 04- 11","2,435","2,300","2,510","2,260","175.98K","5.87%"
"2025- 04- 14","2,445","2,435","2,480","2,410","43.43K","0.41%"
"2025- 04- 15","2,390","2,425","2,455","2,375","35.58K","-2.25%"
"2025- 04- 16","2,360","2,385","2,420","2,345","33.27K","-1.26%"
"2025- 04- 17","2,450","2,365","2,470","2,355","82.47K","3.81%"
"2025- 04- 18","2,565","2,455","2,590","2,455","194.22K","4.69%"
"2025- 04- 21","2,540","2,565","2,620","2,460","50.60K","-0.97%"
"2025- 04- 22","2,440","2,500","2,540","2,440","51.09K","-3.94%"
"2025- 04- 23","2,460","2,485","2,555","2,420","51.24K","0.82%"
"2025- 04- 24","2,460","2,460","2,510","2,455","22.99K","0.00%"
"2025- 04- 25","2,505","2,460","2,600","2,450","21.11K","1.83%"
"2025- 04- 28","2,540","2,510","2,595","2,455","19.54K","1.40%"
"2025- 04- 29","2,550","2,540","2,590","2,530","25.48K","0.39%"