날짜,종가,시가,고가,저가,거래량,변동 %,로그 수익률
2021-11-24,40450,40050,44200,39050,85819000.0,-1.1,-0.011063419544255333
2021-11-25,40750,41100,42950,39950,35759000.0,0.74,0.007389196182371085
2021-11-26,36900,40500,40500,36600,28836000.0,-9.45,-0.09924428864039023
2021-11-29,32350,34600,34700,32250,22678000.0,-12.33,-0.13159753009957187
2021-11-30,30150,32900,34900,29900,21425000.0,-6.8,-0.07042909777371513
2021-12-01,30100,30150,31250,29000,9968000.0,-0.17,-0.0016597514183643968
2021-12-02,29950,29400,30650,29400,6728000.0,-0.5,-0.004995847193371666
2021-12-03,32100,30550,32500,30300,19036000.0,7.18,0.06932670557451176
2021-12-06,30650,31650,31650,30400,5848000.0,-4.52,-0.046223367753749724
2021-12-07,31200,30600,31450,30300,7629000.0,1.79,0.01778543243321634
2021-12-08,32800,31500,34500,31300,31963000.0,5.13,0.050010420574661416
2021-12-09,32850,32800,33400,32050,6567000.0,0.15,0.0015232295405214163
2021-12-10,32050,33000,33200,31800,6189000.0,-2.44,-0.02465456156394047
2021-12-13,31000,31800,32400,30700,5816000.0,-3.28,-0.03330997888153285
2021-12-14,30000,30700,30800,29800,5472000.0,-3.23,-0.03278982282299084
2021-12-15,29150,30000,30000,29050,4142000.0,-2.83,-0.02874246886565398
2021-12-16,28700,29350,29550,28650,4440000.0,-1.54,-0.015557790030926008
2021-12-17,27950,28300,29000,27950,3278000.0,-2.61,-0.026479923164467265
2021-12-20,26350,27950,27950,26250,7236000.0,-5.72,-0.05894892461373688
2021-12-21,27400,26100,27450,25500,8337000.0,3.98,0.03907473840665316
2021-12-22,27950,26800,28650,26500,12350000.0,2.01,0.01987418620708363
2021-12-23,27500,28000,29000,27500,5429000.0,-1.61,-0.016231194928582552
2021-12-24,26950,27600,27600,26550,5558000.0,-2.0,-0.020202707317519466
2021-12-27,26000,27050,27050,26000,4704000.0,-3.53,-0.03588675933352406
2021-12-28,26500,26550,27250,25400,6757000.0,1.92,0.01904819497069441
2021-12-29,27200,26750,27200,26400,3252000.0,2.64,0.026072240309775105
2021-12-30,27200,27250,28150,26900,4610000.0,0.0,0.0
2022-01-03,28350,27200,28550,27200,4624000.0,4.23,0.0414100568718094
2022-01-04,29000,28600,29000,27950,5062000.0,2.29,0.022668799812712893
2022-01-05,27500,29100,29300,27500,4274000.0,-5.17,-0.05310982531394841
2022-01-06,27300,27150,27500,26300,3777000.0,-0.73,-0.007299302481611608
2022-01-07,26550,27350,28400,25950,7732000.0,-2.75,-0.027856954502966224
2022-01-10,25200,26450,26450,25150,4362000.0,-5.08,-0.05218575317057019
2022-01-11,24550,25250,25500,24500,2864000.0,-2.58,-0.026132140276848057
2022-01-12,24550,24400,24950,24400,2406000.0,0.0,0.0
2022-01-13,24000,24600,24900,23800,3552000.0,-2.24,-0.02265802389258399
2022-01-14,22950,23750,23750,22800,3679000.0,-4.38,-0.044735893841391414
2022-01-17,22900,23200,23200,22600,2144000.0,-0.22,-0.002181025946360226
2022-01-18,24100,22900,24300,22250,4850000.0,5.24,0.05107492993641525
2022-01-19,24500,23800,28100,23750,29274000.0,1.66,0.01646127705407193
2022-01-20,25000,24350,25550,23950,5132000.0,2.04,0.02020270731751947
2022-01-21,23900,25000,25200,23900,2415000.0,-4.4,-0.044997365930735805
2022-01-24,23300,24100,24100,23000,3283000.0,-2.51,-0.025425098365810056
2022-01-25,22250,23150,23500,22250,3319000.0,-4.51,-0.04611135195940569
2022-01-26,21600,22000,22350,21400,5610000.0,-2.92,-0.029648693922129907
2022-01-27,19850,21950,22100,19800,6328000.0,-8.1,-0.08448930755691987
2022-01-28,20400,19850,20550,19350,2802000.0,2.77,0.027330893716971266
2022-02-03,20800,20900,21100,20450,1812000.0,1.96,0.019418085857101516
2022-02-04,21400,20800,21600,20300,2096000.0,2.88,0.02843793532053341
2022-02-07,21200,21300,21600,20850,1755000.0,-0.93,-0.009389740349839032
2022-02-08,21200,21200,22100,20650,2555000.0,0.0,0.0
2022-02-09,21400,21200,21400,21000,1460000.0,0.94,0.009389740349839137
2022-02-10,21000,21450,21500,20500,2722000.0,-1.87,-0.018868484304382805
2022-02-11,20050,20800,20800,19800,2316000.0,-4.52,-0.04629328397084475
2022-02-14,18750,19350,19700,18700,4087000.0,-6.48,-0.06703540133615833
2022-02-15,17900,18750,19000,17250,1994000.0,-4.53,-0.04639303956971051
2022-02-16,18950,18300,19000,18100,2505000.0,5.87,0.057003218681726114
2022-02-17,19000,18950,20150,18700,2949000.0,0.26,0.002635047638005032
2022-02-18,19300,18600,19400,18250,1421000.0,1.58,0.015666116744399456
2022-02-21,19700,19600,19800,18750,1724000.0,2.07,0.02051353983310303
2022-02-22,18650,18900,19300,18000,11677000.0,-5.33,-0.05477248965411827
2022-02-23,19050,18700,21200,18400,15030000.0,2.14,0.021220955482885436
2022-02-24,17950,19000,19100,17750,5004000.0,-5.77,-0.05947698663842206
2022-02-25,6167,6117,6233,5933,11372000.0,-65.65,-1.068377618924932
2022-02-28,6317,6167,6483,6100,8758000.0,-65.86,-1.0745263201677158
2022-03-02,6367,6267,6433,6100,8376000.0,0.79,0.007883989118325012
2022-03-03,6383,6400,6417,6317,5736000.0,0.26,0.0025098052390320506
2022-03-04,6450,6383,6650,6167,13022000.0,1.04,0.010441924533760947
2022-03-07,6167,6267,6383,6100,11645000.0,-4.39,-0.0448676347983254
2022-03-08,6033,6117,6233,5833,8831000.0,-2.16,-0.02196809655073105
2022-03-10,6367,6117,6367,5917,11313000.0,5.53,0.0538840015762636
2022-03-11,6550,6300,6683,6167,17879000.0,2.88,0.028336648612272253
2022-03-14,6750,6533,6933,6367,28753000.0,3.05,0.030077455237277954
2022-03-15,7000,6750,7100,6617,27956000.0,3.7,0.03636764417087479
2022-03-16,7117,7000,7283,6783,27986000.0,1.67,0.016576139261820718
2022-03-17,6917,7083,7133,6900,22193000.0,-2.81,-0.02850413869868639
2022-03-18,6900,6867,6950,6717,17920000.0,-0.24,-0.002460738015233961
2022-03-21,7067,6833,7250,6750,43509000.0,2.42,0.02391465010550348
2022-03-22,7067,7133,7167,6900,11504000.0,0.0,0.0
2022-03-23,6933,7150,7150,6917,14691000.0,-1.89,-0.01914344174836387
2022-03-24,7000,6933,7100,6800,10826000.0,0.96,0.009617529094960017
2022-03-25,7017,7000,7050,6917,9559000.0,0.24,0.002425627214838378
2022-03-28,6917,7017,7017,6850,9605000.0,-67.14,-1.1129184105099428
2022-03-29,6883,6833,6967,6817,9732000.0,-0.48,-0.004927546202220509
2022-03-30,7117,6917,7150,6783,20007000.0,3.39,0.03343168490090683
2022-03-31,7767,7067,8200,7000,123000000.0,9.13,0.0873977011203763
2022-04-01,8383,7950,8783,7900,174000000.0,7.94,0.07632185621821003
2022-04-04,8317,8583,8600,8233,38676000.0,-0.79,-0.007904232769169864
2022-04-05,8000,8317,8317,7900,48462000.0,-3.81,-0.038860071206714565
2022-04-06,7850,7867,7917,7617,31004000.0,-1.88,-0.01892800988551891
2022-04-07,7717,7800,7800,7500,32737000.0,-1.7,-0.017087844318851044
2022-04-08,8250,7683,8283,7583,70337000.0,6.91,0.0667875128711237
2022-04-11,7850,8300,8300,7800,40268000.0,-68.28,-1.1483119572203824
2022-04-12,7517,7700,7767,7383,30749000.0,-4.25,-0.0433464095989852
2022-04-13,7483,7517,7533,7233,24877000.0,-0.44,-0.004533341097110338
2022-04-14,7300,7500,7500,7250,25325000.0,-2.45,-0.024759432943876
2022-04-15,7233,7283,7283,7000,21718000.0,-0.91,-0.00922046028720178
2022-04-18,7233,7167,7450,7017,21270000.0,-66.67,-1.0986583726792702
2022-04-19,7167,7217,7267,7033,17346000.0,-0.92,-0.009166730855361465
2022-04-20,7183,7167,7233,7067,16183000.0,0.23,0.002229966080882384
2022-04-21,7017,7167,7167,6967,32519000.0,-2.32,-0.02338134682251284
2022-04-22,6667,6900,7000,6667,37169000.0,-4.99,-0.051165792634228754
2022-04-25,6367,6517,6567,6300,29484000.0,-4.5,-0.04604158260103472
2022-04-26,6450,6433,6533,6283,17795000.0,1.31,0.012951729772792853
2022-04-27,6400,6233,6417,6050,19799000.0,-0.78,-0.007782140442054963
2022-04-28,6233,6400,6400,6183,16385000.0,-2.6,-0.026440232538912662
2022-04-29,6250,6250,6383,6167,19619000.0,0.27,0.002723705921596516
2022-05-02,6250,6100,6283,6017,15570000.0,0.0,0.0
2022-05-03,6533,6233,6717,6200,42920000.0,4.53,0.04428479211030315
2022-05-04,6483,6617,6650,6383,21197000.0,-0.77,-0.007682889665754663
2022-05-06,6233,6450,6567,6200,18643000.0,-3.86,-0.0393256083661451
2022-05-09,5850,6183,6183,5833,21033000.0,-68.72,-1.162081862616776
2022-05-10,5783,5667,5850,5550,21057000.0,-1.14,-0.011519082067683968
2022-05-11,5917,5783,6050,5750,12031000.0,2.31,0.02290698451847592
2022-05-12,5717,5767,5867,5567,16429000.0,-3.38,-0.03438537141272283
2022-05-13,5817,5717,5867,5683,11247000.0,1.75,0.01734047264679015
2022-05-16,5733,5850,5983,5717,11006000.0,-1.43,-0.014545711002378751
2022-05-17,5733,5733,5817,5700,6884000.0,0.0,0.0
2022-05-18,6000,5833,6100,5833,18272000.0,4.65,0.04552051530180923
2022-05-19,5817,5867,5867,5733,13205000.0,-3.05,-0.030974804299430527
2022-05-20,5917,5800,6000,5783,9956000.0,1.72,0.017044898765932546
2022-05-23,5867,5917,6167,5817,26439000.0,-0.85,-0.008486133750834223
2022-05-24,5617,5833,5833,5617,22654000.0,-4.26,-0.04354571639342713
2022-05-25,5533,5617,5633,5467,25868000.0,-1.48,-0.015067549634322925
2022-05-26,5550,5550,5667,5467,13444000.0,0.3,0.0030677638423704124
2022-05-27,5600,5650,5833,5583,18418000.0,0.9,0.008968669982760316
2022-05-30,5750,5683,5800,5633,13171000.0,2.68,0.02643325706815543
2022-05-31,5800,5750,5833,5717,8597000.0,0.87,0.008658062743114531
2022-06-02,5700,5733,5800,5667,9222000.0,-67.24,-1.1160040313799788
2022-06-03,5783,5733,5783,5683,6563000.0,1.46,0.014456404335576805
2022-06-07,5767,5950,5967,5717,20840000.0,-0.29,-0.002770564542805626
2022-06-08,5733,5767,5800,5667,9358000.0,-0.58,-0.005913060707029933
2022-06-09,5717,5700,5733,5617,12982000.0,-0.29,-0.002794761644411449
2022-06-10,5917,5650,5917,5617,18135000.0,3.5,0.034385371412722875
2022-06-13,6067,5800,6367,5683,106000000.0,-65.82,-1.073521266961264
2022-06-14,5900,5867,6300,5717,75245000.0,-2.75,-0.027911898048487017
2022-06-15,6083,5933,6500,5933,204000000.0,3.11,0.030545644426894426
2022-06-16,6350,6367,6467,6100,153000000.0,4.38,0.042956817566031945
2022-06-17,5883,6150,6167,5850,71987000.0,-7.35,-0.07638797702228135
2022-06-20,4833,5883,5883,4833,88544000.0,-72.62,-1.295268390516359
2022-06-21,4717,4917,4933,4617,40906000.0,-2.41,-0.02429438856082241
2022-06-22,4300,4733,4767,4283,36651000.0,-8.83,-0.09255798160260785
2022-06-23,4317,4317,4583,4200,37615000.0,0.39,0.0039456938738237765
2022-06-24,4500,4283,4533,4283,22172000.0,4.25,0.041516680202933545
2022-06-27,4600,4567,4717,4433,22855000.0,-65.93,-1.0766333819493346
2022-06-28,4500,4633,4633,4450,17766000.0,-2.17,-0.02197890671877523
2022-06-29,4333,4433,4450,4283,29723000.0,-3.7,-0.0378172540185017
2022-06-30,4567,4400,4800,4367,108000000.0,5.39,0.052596391445089534
2022-07-01,4367,4567,4633,4250,47738000.0,-4.38,-0.044780259699437955
2022-07-04,4217,4433,4450,4167,25370000.0,-3.44,-0.034952299739001116
2022-07-05,4417,4250,4483,4233,28191000.0,4.74,0.04633675784996666
2022-07-06,5733,4400,5733,4400,380000000.0,29.81,0.26077822131185624
2022-07-07,5900,5917,6100,5600,402000000.0,2.91,0.028713396985428144
2022-07-08,5983,5983,6167,5783,199000000.0,1.41,0.013969763496220925
2022-07-11,6083,6033,6850,5917,476000000.0,-66.11,-1.0820921195957196
2022-07-12,5500,5917,5983,5467,163000000.0,-9.59,-0.10074990310014302
2022-07-13,5517,5450,5767,5417,99869000.0,0.3,0.003086142051868438
2022-07-14,6033,5517,6133,5517,176000000.0,9.36,0.0894101651683309
2022-07-15,6233,5983,6517,5883,203000000.0,3.31,0.03261335836808884
2022-07-18,6583,6467,7067,6367,357000000.0,5.62,0.05463281065902612
2022-07-19,7000,6583,7417,6333,323000000.0,6.33,0.06141958056957374
2022-07-20,7250,7117,7367,6900,124000000.0,3.57,0.03509131981127019
2022-07-21,6850,7233,7233,6750,111000000.0,-5.52,-0.05675281659244948
2022-07-22,7333,6783,7600,6783,214000000.0,7.06,0.0681360568375285
2022-07-25,6850,7283,7500,6833,112000000.0,-68.86,-1.166793801084182
2022-07-26,6633,6850,7067,6600,96763000.0,-3.16,-0.032191461730715014
2022-07-27,6950,6650,7050,6400,137000000.0,4.77,0.04668446903328173
2022-07-28,6983,6917,7200,6800,76382000.0,0.48,0.004736964287197467
2022-07-29,7083,7000,7333,6817,94750000.0,1.43,0.014218922907587297
2022-08-01,6917,7083,7150,6900,35042000.0,-67.45,-1.1223747457519782
2022-08-02,6633,6917,6917,6583,46189000.0,-4.1,-0.04192495907502876
2022-08-03,6667,6633,6817,6583,36386000.0,0.5,0.00511279309250401
2022-08-04,6233,6800,6800,6200,53649000.0,-6.5,-0.06731222580920945
2022-08-05,6150,6300,6350,5983,50245000.0,-1.34,-0.01340567600828702
2022-08-08,6250,6150,6300,6050,22805000.0,1.63,0.016129381929883717
2022-08-09,6050,6300,6317,5983,32296000.0,-3.2,-0.03252319170556006
2022-08-10,6017,6050,6200,6000,26358000.0,-0.55,-0.005469475804535433
2022-08-11,6083,6150,6150,5917,20160000.0,1.11,0.01090919910035353
2022-08-12,6233,6067,6300,6067,23598000.0,2.47,0.024359762488145285
2022-08-16,6067,6150,6183,6067,21438000.0,-2.67,-0.026993508866552718
2022-08-17,5800,6050,6083,5733,44832000.0,-4.4,-0.045006331407787106
2022-08-18,5633,5800,5800,5600,17017000.0,-2.87,-0.02921575763979678
2022-08-19,5567,5600,5767,5517,18041000.0,-1.18,-0.011785850711206195
2022-08-22,5500,5467,5700,5433,17140000.0,-1.2,-0.012108216962945496
2022-08-23,5400,5383,5633,5383,14631000.0,-1.82,-0.01834913866819654
2022-08-24,5583,5417,5667,5417,12577000.0,3.39,0.033327312757994665
2022-08-25,5817,5633,5850,5617,16884000.0,4.18,0.041058398600401114
2022-08-26,5833,5883,5983,5700,18725000.0,0.29,0.0027467828428761037
2022-08-29,5550,5517,5633,5500,12800000.0,-4.86,-0.04973352001315746
2022-08-30,5650,5550,5700,5533,6991000.0,1.8,0.01785761740000647
2022-08-31,5717,5567,5733,5567,5844000.0,1.18,0.011788647123484559
2022-09-01,5500,5633,5700,5450,11032000.0,-3.79,-0.038696100043408996
2022-09-02,5333,5500,5567,5283,15365000.0,-3.03,-0.03083416061996008
2022-09-05,5083,5250,5350,5017,19462000.0,-4.69,-0.04801229315369969
2022-09-06,5250,5100,5300,5100,7511000.0,3.28,0.03232643813876702
2022-09-07,5267,5267,5367,5067,14714000.0,0.32,0.0032328638977199334
2022-09-08,5383,5283,5400,5250,7733000.0,2.21,0.02178489907756801
2022-09-13,5500,5433,5550,5433,7205000.0,2.17,0.021502252659605033
2022-09-14,5583,5300,5583,5233,9039000.0,1.51,0.014978174089798115
2022-09-15,5433,5600,5617,5400,9651000.0,-2.69,-0.02723479875883732
2022-09-16,5500,5467,5633,5433,9691000.0,1.23,0.012256624669039193
2022-09-19,5233,5517,5533,5217,13941000.0,-4.85,-0.04976336484835449
2022-09-20,5283,5233,5400,5233,5958000.0,0.96,0.009509390792107955
2022-09-21,5367,5267,5400,5200,5697000.0,1.58,0.015774975012513032
2022-09-22,5333,5200,5367,5133,9388000.0,-0.62,-0.006355161576226633
2022-09-23,5267,5267,5467,5233,12894000.0,-1.25,-0.012452991117212854
2022-09-26,4917,5167,5317,4900,17637000.0,-6.65,-0.06876235207145
2022-09-27,5133,4850,5167,4767,10491000.0,4.41,0.04299169514836389
2022-09-28,4967,5083,5183,4817,11417000.0,-3.25,-0.03287424745295263
2022-09-29,4933,5033,5167,4933,7816000.0,-0.67,-0.006868713873612221
2022-09-30,5000,4850,5100,4833,6208000.0,1.35,0.013490590182499164
2022-10-04,5050,5033,5200,5000,6122000.0,1.0,0.009950330853168092
2022-10-05,5000,5067,5150,4967,6280000.0,-0.99,-0.009950330853168092
2022-10-06,5250,5000,5267,4967,9170000.0,5.0,0.04879016416943204
2022-10-07,5183,5183,5200,5067,7321000.0,-1.27,-0.01284403739596287
2022-10-11,4833,5133,5133,4833,9858000.0,-6.75,-0.0699166463446225
2022-10-12,4783,4767,4967,4700,5170000.0,-1.03,-0.010399428164787205
2022-10-13,4283,4683,4750,4283,22882000.0,-10.45,-0.11041426606492588
2022-10-14,4567,4367,4683,4367,25734000.0,6.62,0.06420283556962798
2022-10-17,4400,4483,4483,4283,10924000.0,-3.65,-0.03725199327864648
2022-10-18,4567,4483,4767,4450,22547000.0,3.79,0.03725199327864634
2022-10-19,4517,4617,4683,4483,11337000.0,-1.09,-0.011008477530394764
2022-10-20,4417,4567,4567,4350,6705000.0,-2.21,-0.022387324058077727
2022-10-21,4267,4383,4483,4267,10520000.0,-3.4,-0.034549728408526534
2022-10-24,4200,4350,4400,4183,9905000.0,-1.56,-0.015826478916540238
2022-10-25,4200,4217,4317,4150,13197000.0,0.0,0.0
2022-10-26,4000,4217,4233,4000,16071000.0,-4.76,-0.048790164169432056
2022-10-27,4083,4033,4117,4000,7795000.0,2.08,0.020537651217548136
2022-10-28,4033,4083,4117,3983,10637000.0,-1.22,-0.0123214964462076
2022-10-31,4067,4100,4150,4000,8423000.0,0.83,0.008395111033856279
2022-11-01,4100,4083,4150,4050,6353000.0,0.82,0.008081346785174626
2022-11-02,4167,4133,4267,4050,8581000.0,1.63,0.016209378730054298
2022-11-03,4100,4100,4150,4000,13087000.0,-1.6,-0.01620937873005433
2022-11-04,4100,4100,4217,4033,6533000.0,0.0,0.0
2022-11-07,4283,4100,4283,4067,12927000.0,4.47,0.04366672492297184
2022-11-08,4333,4233,4483,4233,9954000.0,1.17,0.011606444124538474
2022-11-09,4283,4350,4400,4267,8206000.0,-1.15,-0.011606444124538425
2022-11-10,4167,4300,4300,4167,6900000.0,-2.72,-0.02745734619291755
2022-11-11,4350,4333,4417,4250,11193000.0,4.4,0.04297949266027632
2022-11-14,4483,4450,4550,4367,12182000.0,3.06,0.030116620072709727
2022-11-15,4583,4417,4583,4417,9170000.0,2.23,0.02206134035368449
2022-11-16,4583,4633,4633,4467,5771000.0,0.0,0.0
2022-11-17,4533,4483,4567,4450,6863000.0,-1.09,-0.010969833568274847
2022-11-18,4450,4450,4550,4433,6045000.0,-1.84,-0.01847987578056341
2022-11-21,4267,4433,4500,4167,9133000.0,-4.12,-0.0419930919722859
2022-11-22,4317,4300,4400,4217,6032000.0,1.17,0.011649712367477492
2022-11-23,4450,4467,4550,4367,8881000.0,3.09,0.03034337960480829
2022-11-24,4800,4450,5117,4433,130000000.0,7.87,0.07571182173569638
2022-11-25,4617,4783,4883,4617,24893000.0,-3.82,-0.03887077438899334
2022-11-28,5000,4683,5700,4567,255000000.0,8.3,0.07969276890924852
2022-11-29,5017,5000,5083,4900,33655000.0,0.33,0.003394233068015617
2022-11-30,4867,5017,5033,4850,22592000.0,-2.99,-0.030354414650798727
2022-12-01,4983,4950,5067,4867,27620000.0,2.4,0.02355438844795034
2022-12-02,4817,4933,4967,4767,13548000.0,-3.34,-0.03388079165118378
2022-12-05,4733,4800,4850,4700,7658000.0,-1.73,-0.017592076723972845
2022-12-06,4583,4767,4767,4550,10841000.0,-3.17,-0.03220544539712391
2022-12-07,4583,4583,4600,4450,10674000.0,0.0,0.0
2022-12-08,4433,4550,4567,4433,7954000.0,-3.27,-0.03327724976407057
2022-12-09,4717,4433,4767,4433,16726000.0,6.39,0.06209644853920822
2022-12-12,4733,4650,4950,4650,12946000.0,-66.55,-1.0951553731651358
2022-12-13,4667,4783,4800,4583,9786000.0,-1.41,-0.014042783956432358
2022-12-14,4667,4667,4683,4600,6105000.0,0.0,0.0
2022-12-15,4567,4650,4650,4550,5088000.0,-2.14,-0.021659932764816654
2022-12-16,4533,4500,4600,4433,5327000.0,-0.73,-0.007472562244149703
2022-12-19,4500,4500,4567,4450,4655000.0,-0.73,-0.007306575182438139
2022-12-20,4467,4533,4667,4417,12998000.0,-0.74,-0.0073603544062924185
2022-12-21,4367,4533,4550,4367,6965000.0,-2.24,-0.02264076786655769
2022-12-22,4367,4383,4417,4333,8115000.0,0.0,0.0
2022-12-23,4233,4300,4300,4183,6527000.0,-3.05,-0.031165312964637253
2022-12-26,4383,4200,4500,4133,9501000.0,3.54,0.03482245989788545
2022-12-27,4400,4383,4483,4350,4483000.0,0.38,0.0038711194875434576
2022-12-28,4383,4367,4433,4350,2736000.0,-0.38,-0.0038711194875433964
2022-12-29,4367,4433,4517,4317,12768000.0,-0.38,-0.003657146933248246
2023-01-02,4267,4350,4500,4250,5648000.0,-2.29,-0.023165270297561002
2023-01-03,4417,4267,4550,4200,11899000.0,3.52,0.03454972840852657
2023-01-04,4433,4383,4500,4367,4012000.0,0.38,0.003615823148526961
2023-01-05,4350,4517,4583,4333,4635000.0,-1.88,-0.018900710662323725
2023-01-06,4483,4350,4533,4317,7979000.0,3.06,0.030116620072709727
2023-01-09,4583,4617,4667,4500,7870000.0,2.23,0.02206134035368449
2023-01-10,4500,4633,4633,4500,8061000.0,-1.82,-0.018276408750712944
2023-01-11,4617,4517,4650,4517,7629000.0,2.59,0.025667746748577813
2023-01-12,4633,4633,4817,4533,15893000.0,0.36,0.0034594629096593816
2023-01-13,4400,4633,4633,4400,41717000.0,-5.04,-0.051600065510295876
2023-01-16,4333,4400,4400,4283,26181000.0,-1.52,-0.015344398166443153
2023-01-17,4450,4333,4450,4333,17114000.0,2.69,0.026643953420376478
2023-01-18,5083,4433,5217,4433,209000000.0,14.23,0.13299754228661662
2023-01-19,5267,5017,5383,4967,102000000.0,3.61,0.035559302036486926
2023-01-20,5267,5250,5483,5133,34935000.0,0.0,0.0
2023-01-25,5150,5267,5380,5143,32686000.0,-2.22,-0.02246422582560749
2023-01-26,5140,5153,5217,5057,28593000.0,-0.19,-0.0019436352085710144
2023-01-27,5040,5133,5133,4800,19904000.0,-1.95,-0.019646997383796536
2023-01-30,4950,5000,5140,4903,20170000.0,-1.79,-0.018018505502678365
2023-01-31,4923,4883,4967,4843,18488000.0,-0.54,-0.005469475804535433
2023-02-01,5050,4927,5050,4900,7382000.0,2.57,0.025470142511204892
2023-02-02,5243,5110,5277,5007,44210000.0,3.83,0.03750561030312731
2023-02-03,5393,5333,5443,5240,41619000.0,2.86,0.028207962764694134
2023-02-06,5450,5483,5590,5380,35642000.0,-66.32,-1.088160302955193
2023-02-07,5527,5433,5577,5383,20398000.0,1.41,0.014029564175973298
2023-02-08,5490,5633,5700,5480,29618000.0,-0.66,-0.0067169173296866315
2023-02-09,5400,5500,5600,5367,24974000.0,-1.64,-0.016529301951210582
2023-02-10,5447,5483,5690,5300,41339000.0,0.86,0.00866604483130867
2023-02-13,5300,5467,5467,5183,21011000.0,-67.56,-1.1259092688737806
2023-02-14,5290,5300,5383,5243,8429000.0,-0.19,-0.0018885746878681362
2023-02-15,5360,5293,5463,5197,21750000.0,1.32,0.013145729212502512
2023-02-16,5350,5360,5433,5303,10484000.0,-0.19,-0.0018674141747954732
2023-02-17,5317,5300,5333,5213,23530000.0,-0.62,-0.006187326385713713
2023-02-20,5300,5280,5317,5240,14402000.0,-0.31,-0.0032024139641252643
2023-02-21,5273,5267,5333,5253,11413000.0,-0.5,-0.0051073600097434075
2023-02-22,5190,5227,5273,5117,8541000.0,-1.58,-0.015865763370535437
2023-02-23,5240,5167,5240,5100,6711000.0,0.96,0.009587801155153612
2023-02-24,5167,5190,5240,5057,7684000.0,-1.4,-0.014029249027903201
2023-02-27,5140,5067,5347,5003,19263000.0,-0.52,-0.0052391698379738085
2023-02-28,5203,5140,5267,5083,8781000.0,1.23,0.012182302841092677
2023-03-02,4933,5250,5250,4933,21936000.0,-68.4,-1.1519644122757395
2023-03-03,4910,4887,4990,4887,8671000.0,-0.47,-0.004673380445172006
2023-03-06,4923,4923,4923,4807,8167000.0,0.27,0.0026441589696343123
2023-03-07,5067,4907,5113,4907,11342000.0,2.91,0.028830825717709084
2023-03-08,4950,5087,5087,4917,7601000.0,-2.3,-0.023361349913173762
2023-03-09,4913,4920,5033,4897,6608000.0,-0.74,-0.007502823394087793
2023-03-10,4720,4893,4893,4697,7882000.0,-3.93,-0.04007595358904715
2023-03-13,4647,4633,4713,4450,8856000.0,-1.55,-0.015586949494622733
2023-03-14,4433,4647,4650,4433,9344000.0,-4.59,-0.04714529433992481
2023-03-15,4503,4520,4583,4467,3398000.0,1.58,0.015667285556518206
2023-03-16,4370,4503,4503,4233,10490000.0,-2.96,-0.029980832211935784
2023-03-17,4643,4433,4673,4333,10342000.0,6.25,0.06059769993028582
2023-03-20,4643,4617,4737,4580,4304000.0,0.0,0.0
2023-03-21,4643,4607,4687,4607,3202000.0,0.0,0.0
2023-03-22,4627,4663,4720,4557,3380000.0,-0.36,-0.0034519991129221433
2023-03-23,4663,4597,4733,4540,8786000.0,0.79,0.007750307901321376
2023-03-24,4663,4673,4737,4633,3111000.0,0.0,0.0
2023-03-27,4587,4720,4720,4483,4179000.0,-1.64,-0.016432802211148907
2023-03-28,4757,4633,4757,4590,6462000.0,3.71,0.0363910018351095
2023-03-29,4677,4760,4760,4657,4270000.0,-1.68,-0.016960338706395288
2023-03-30,4660,4700,4713,4603,3489000.0,-0.36,-0.003641430606194626
2023-03-31,4533,4660,4717,4507,5966000.0,-2.72,-0.02763147617884226
2023-04-03,4587,4517,4630,4477,6300000.0,1.18,0.011842243656322818
2023-04-04,4633,4583,4690,4513,5104000.0,1.02,0.009978390819476457
2023-04-05,4617,4683,4683,4573,3270000.0,-0.36,-0.0034594629096594202
2023-04-06,4647,4590,4660,4543,6955000.0,0.65,0.006476706577989515
2023-04-07,4733,4697,4780,4593,8630000.0,1.86,0.01833740082126959
2023-04-10,4703,4733,4760,4623,5491000.0,-0.63,-0.006358647961199956
2023-04-11,4693,4637,4790,4637,7538000.0,-0.21,-0.0021285661506303243
2023-04-12,4700,4693,4750,4647,6779000.0,0.14,0.0014904719037323187
2023-04-13,4763,4743,4763,4677,6065000.0,1.35,0.013315213102710406
2023-04-14,4867,4763,5040,4763,21381000.0,2.17,0.021600009032593966
2023-04-17,4793,4923,4927,4760,5890000.0,-67.17,-1.1138650085367965
2023-04-18,4727,4793,4857,4670,8519000.0,-1.39,-0.013865768366394934
2023-04-19,4700,4773,4773,4667,6688000.0,-0.56,-0.005728243095086442
2023-04-20,4667,4673,4700,4603,6147000.0,-0.71,-0.007046041748334362
2023-04-21,4683,4623,4767,4617,6081000.0,0.36,0.0034224632337260946
2023-04-24,4613,4620,4673,4583,4779000.0,-1.49,-0.015060525625721237
2023-04-25,4450,4560,4610,4397,10811000.0,-3.54,-0.03597430839753467
2023-04-26,4430,4450,4483,4383,3345000.0,-0.45,-0.004504512121104541
2023-04-27,4443,4387,4483,4363,2069000.0,0.3,0.0029302398967271303
2023-04-28,4367,4447,4453,4177,6830000.0,-1.72,-0.017253549450347523
2023-05-02,4547,4367,4577,4367,6521000.0,4.12,0.04039140033944962
2023-05-03,4550,4500,4663,4500,2143000.0,0.07,0.0006595581199855407
2023-05-04,4567,4600,4600,4467,2981000.0,0.37,0.003729301240002808
2023-05-08,4533,4573,4600,4520,1353000.0,-0.73,-0.007472562244149703
2023-05-09,4550,4530,4567,4343,4895000.0,0.37,0.0037432610041468746
2023-05-10,4573,4550,4607,4547,1844000.0,0.51,0.005042211713059113
2023-05-11,4687,4593,4750,4543,8204000.0,2.48,0.024623274264650837
2023-05-12,4687,4717,4823,4633,6377000.0,0.0,0.0
2023-05-15,4853,4750,4933,4733,17061000.0,3.55,0.034804351482510015
2023-05-16,4883,4817,4993,4807,25726000.0,0.62,0.006162714656444049
2023-05-17,5073,4883,5127,4800,28251000.0,3.89,0.03817257350502981
2023-05-18,4990,5073,5073,4933,10326000.0,-1.64,-0.01649644882112559
2023-05-19,5293,4997,5333,4920,34022000.0,6.08,0.05894928311242329
2023-05-22,5667,5850,6867,5520,1932000000.0,7.05,0.06827468431163178
2023-05-23,5597,5840,5883,5403,429000000.0,-1.24,-0.012429137278259662
2023-05-24,5217,5547,5557,5193,193000000.0,-6.79,-0.0703082158689668
2023-05-25,5063,5100,5160,5020,123000000.0,-2.94,-0.02996333105248353
2023-05-26,4907,5017,5040,4887,69607000.0,-3.09,-0.031296435880005795
2023-05-30,5107,4933,5133,4920,60435000.0,-65.31,-1.0585949656352234
2023-05-31,5003,5107,5120,4950,39773000.0,-2.02,-0.020574415159438895
2023-06-01,5050,4967,5460,4960,217000000.0,0.93,0.00935051078120051
2023-06-02,5030,5037,5090,4983,35549000.0,-0.4,-0.003968259175620622
2023-06-05,5030,5037,5067,4950,19423000.0,0.0,0.0
2023-06-07,4943,5033,5037,4927,29922000.0,-67.24,-1.1160598384549354
2023-06-08,4770,4907,4920,4770,36692000.0,-3.51,-0.03562612942457235
2023-06-09,4930,4793,4967,4793,35744000.0,3.35,0.03299268315434881
2023-06-12,5000,4933,5037,4877,23667000.0,1.42,0.014098924379501675
2023-06-13,5040,5000,5070,4913,27869000.0,0.8,0.007968169649176881
2023-06-14,4953,5037,5100,4950,33809000.0,-1.72,-0.017412628477176652
2023-06-15,5147,5000,5183,4927,47931000.0,3.9,0.03842056706451672
2023-06-16,5443,5173,5453,5107,117000000.0,5.76,0.05591635878144556
2023-06-19,5570,5500,5600,5417,103000000.0,2.33,0.02306467448712968
2023-06-20,6367,5570,6767,5467,1470000000.0,14.3,0.13373334709569556
2023-06-21,5837,6183,6183,5837,158000000.0,-8.32,-0.08691143481323427
2023-06-22,5763,5837,5920,5723,78990000.0,-1.26,-0.012758793767124712
2023-06-23,5733,5750,5897,5670,50465000.0,-0.52,-0.005219218528283639
2023-06-26,5757,5623,5787,5573,38818000.0,-66.53,-1.0944928781257348
2023-06-27,5857,5757,5920,5723,45391000.0,1.74,0.017221021413972696
2023-06-28,5867,5863,6007,5843,43393000.0,0.17,0.0017059028360776746
2023-06-29,5663,5803,5840,5560,61585000.0,-3.47,-0.0353896428120549
2023-06-30,5850,5660,5853,5600,52555000.0,3.3,0.032487874112097165
2023-07-03,5733,5853,6260,5710,172000000.0,-67.33,-1.118814995985629
2023-07-04,6020,6530,7460,5930,387000000.0,5.0,0.04884830539448404
2023-07-05,5630,6070,6070,5630,38937000.0,-6.48,-0.06697781716913069
2023-07-06,5410,5540,5580,5350,21725000.0,-3.91,-0.039860349293208856
2023-07-07,5380,5300,5520,5300,10635000.0,-0.55,-0.005560718684697065
2023-07-10,5420,5330,5440,5330,8128000.0,0.74,0.007407441277861818
2023-07-11,5540,5430,5550,5410,9141000.0,2.21,0.021898685307637524
2023-07-12,5750,5570,5770,5530,11976000.0,3.79,0.037205354050066725
2023-07-13,5760,5800,5800,5670,7951000.0,0.17,0.001737619898540878
2023-07-14,5720,5800,5800,5570,8395000.0,-0.69,-0.006968669316093316
2023-07-17,5800,5640,5930,5540,14665000.0,1.4,0.013889112160667093
2023-07-18,5840,5810,5860,5650,7873000.0,0.69,0.0068728792877620504
2023-07-19,6330,5900,6980,5600,122000000.0,8.39,0.08056943931594919
2023-07-20,6160,6270,6280,5940,26568000.0,-2.69,-0.027223458610656427
2023-07-21,6170,5970,6220,5960,14698000.0,0.16,0.001622060371868051
2023-07-24,5590,5560,5760,5410,51967000.0,-9.4,-0.0987195507502886
2023-07-25,5440,5590,5650,5330,26378000.0,-2.68,-0.027200226299156485
2023-07-26,4725,5150,5180,4580,94757000.0,-13.14,-0.14091149992214522
2023-07-27,4770,4700,4875,4615,38246000.0,0.95,0.009478743954543739
2023-07-28,4925,4755,4995,4755,18087000.0,3.25,0.03197796972380231
2023-07-31,4900,4960,5050,4880,15427000.0,-0.51,-0.005089069507471293
2023-08-01,4810,4830,4975,4600,20829000.0,-1.84,-0.018538120998911112
2023-08-02,4630,4810,4830,4625,25240000.0,-3.74,-0.03814021601952711
2023-08-03,4650,4630,4685,4455,18294000.0,0.43,0.004310351501122263
2023-08-04,4810,4575,4825,4575,16492000.0,3.44,0.03382986451840488
2023-08-07,4750,4765,4890,4690,14527000.0,-1.25,-0.012552466071119973
2023-08-08,4640,4705,4790,4590,17115000.0,-2.32,-0.023430251808385996
2023-08-09,4635,4620,4690,4590,12686000.0,-0.11,-0.0010781672203454436
2023-08-10,4660,4650,4730,4570,14005000.0,0.54,0.00537924911973593
2023-08-11,4750,4650,4800,4650,12345000.0,1.93,0.01912916990899539
2023-08-14,4615,4825,4865,4580,25005000.0,-2.84,-0.028832750091734315
2023-08-16,4390,4585,4585,4300,17425000.0,-4.88,-0.04998264086773548
2023-08-17,4335,4325,4400,4195,16451000.0,-1.25,-0.01260761685457485
2023-08-18,4215,4230,4300,4170,20494000.0,-2.77,-0.028072018778686376
2023-08-21,4215,4215,4340,4190,8632000.0,0.0,0.0
2023-08-22,4200,4210,4240,4130,12964000.0,-0.36,-0.003565066164496146
2023-08-23,4330,4150,4370,4145,15975000.0,3.1,0.03048301672507575
2023-08-24,4480,4380,4980,4330,91930000.0,3.46,0.03405550441249538
2023-08-25,4495,4450,4590,4415,11258000.0,0.33,0.003342621496689707
2023-08-28,4605,4475,4645,4395,18731000.0,2.45,0.024177001783686536
2023-08-29,4800,4610,4870,4595,20053000.0,4.23,0.041473248206575095
2023-08-30,4820,4760,4885,4750,13911000.0,0.42,0.004158010148663677
2023-08-31,4755,4825,4850,4745,8460000.0,-1.35,-0.01357723206515526
2023-09-01,4800,4765,4925,4740,12866000.0,0.95,0.009419221916491558
2023-09-04,4825,4810,4915,4750,9639000.0,0.52,0.00519481687710393
2023-09-05,4735,4830,4870,4685,13465000.0,-1.87,-0.01882900815290766
2023-09-06,4730,4740,4830,4685,6345000.0,-0.11,-0.0010565241341999848
2023-09-07,4645,4735,4750,4640,11582000.0,-1.8,-0.01813383023803974
2023-09-08,4725,4690,4850,4645,8456000.0,1.72,0.01707618867990433
2023-09-11,4760,4735,4845,4665,13094000.0,0.74,0.00738010729762246
2023-09-12,4770,4750,4865,4685,9275000.0,0.21,0.0020986366569212054
2023-09-13,4680,4710,4765,4630,13289000.0,-1.89,-0.019048194970694474
2023-09-14,4675,4680,4730,4630,6508000.0,-0.11,-0.0010689471889050444
2023-09-15,4680,4640,4695,4615,4038000.0,0.11,0.0010689471889049637
2023-09-18,4595,4635,4680,4575,4070000.0,-1.82,-0.018329354121905044
2023-09-19,4470,4560,4620,4400,10610000.0,-2.72,-0.02758034718217295
2023-09-20,4400,4430,4540,4380,6977000.0,-1.57,-0.015783867701262
2023-09-21,4260,4375,4410,4185,9762000.0,-3.18,-0.032335380642936465
2023-09-22,4690,4185,4800,4185,65327000.0,10.09,0.09616342217690896
2023-09-25,4470,4610,4680,4430,16793000.0,-4.69,-0.04804417383271049
2023-09-26,4285,4440,4495,4095,23724000.0,-4.14,-0.04226785657573431
2023-09-27,4230,4210,4300,4170,5186000.0,-1.28,-0.012918558991556547
2023-10-04,3900,4150,4230,3900,18557000.0,-7.8,-0.08122543992258587
2023-10-05,3910,3920,3990,3845,6129000.0,0.26,0.0025608208616736505
2023-10-06,4025,3810,4065,3805,7577000.0,2.94,0.028987536873252187
2023-10-10,3900,4000,4045,3830,8861000.0,-3.11,-0.0315483577349259
2023-10-11,3955,3915,4035,3900,2815000.0,1.41,0.014004048084016403
2023-10-12,4065,3935,4150,3925,12091000.0,2.78,0.027433141780156697
2023-10-13,3935,4090,4090,3860,10910000.0,-3.2,-0.03250286113040737
2023-10-16,3805,3880,3935,3730,8555000.0,-3.3,-0.0335948905557174
2023-10-17,3850,3810,3940,3800,7404000.0,1.18,0.01175715698604374
2023-10-18,3800,3865,3890,3745,5495000.0,-1.3,-0.013072081567352775
2023-10-19,3665,3760,3800,3630,9481000.0,-3.55,-0.03617273139372533
2023-10-20,3580,3540,3660,3435,14046000.0,-2.32,-0.023465534926005834
2023-10-23,3575,3525,3670,3515,6403000.0,-0.14,-0.0013976242666379726
2023-10-24,3690,3550,3690,3440,8672000.0,3.22,0.03166128190646492
2023-10-25,3730,3690,3780,3675,5050000.0,1.08,0.010781775603288413
2023-10-26,3685,3690,3690,3410,5856000.0,-1.21,-0.012137708014424256
2023-10-27,3605,3685,3745,3605,3049000.0,-2.17,-0.02194875490438754
2023-10-30,3470,3535,3605,3460,6776000.0,-3.74,-0.03816717677814456
2023-10-31,3470,3480,3525,3385,4101000.0,0.0,0.0
2023-11-01,3460,3470,3490,3410,2985000.0,-0.29,-0.0028860048891349867
2023-11-02,4050,3480,4495,3475,710000000.0,17.05,0.15744829204881497
2023-11-03,3850,3890,3980,3805,101000000.0,-4.94,-0.050643732818754915
2023-11-06,3865,3820,3905,3760,48214000.0,0.39,0.0038885337396923746
2023-11-07,3745,3835,3880,3700,40699000.0,-3.1,-0.031540065070202454
2023-11-08,3635,3700,3810,3600,34432000.0,-2.94,-0.02981250598370013
2023-11-09,3415,3610,3650,3385,68807000.0,-6.05,-0.06243161796272931
2023-11-10,3390,3410,3415,3330,20605000.0,-0.73,-0.007347571630394522
2023-11-13,3330,3365,3405,3270,20584000.0,-1.77,-0.01785761740000646
2023-11-14,3325,3300,3385,3300,8342000.0,-0.15,-0.0015026298845350185
2023-11-15,3420,3365,3450,3365,13050000.0,2.86,0.028170876966696224
2023-11-16,3435,3420,3460,3370,6965000.0,0.44,0.0043763745997987815
2023-11-17,3350,3460,3460,3305,17323000.0,-2.47,-0.02505657983733762
2023-11-20,3450,3380,3455,3330,10533000.0,2.99,0.029413885206293407
2023-11-21,3480,3445,3500,3410,10022000.0,0.87,0.008658062743114531
2023-11-22,3490,3495,3500,3415,6889000.0,0.29,0.002869442427952739
2023-11-23,3455,3480,3510,3425,7955000.0,-1.0,-0.010079278994702555
2023-11-24,3440,3445,3480,3420,3807000.0,-0.43,-0.004350985834326257
2023-11-27,3435,3450,3485,3425,4388000.0,-0.15,-0.001454545710994324
2023-11-28,3505,3440,3505,3415,6051000.0,2.04,0.020173594812240653
2023-11-29,3465,3500,3500,3425,5985000.0,-1.14,-0.011477887844686866
2023-11-30,3465,3465,3465,3445,5078000.0,0.0,0.0
2023-12-01,3480,3465,3505,3440,4430000.0,0.43,0.00431966114451638
2023-12-04,3540,3485,3565,3435,7163000.0,1.72,0.01709443335930004
2023-12-05,3460,3540,3550,3435,9296000.0,-2.26,-0.022858138076050208
2023-12-06,3700,3475,3940,3440,173000000.0,6.94,0.06706423058054584
2023-12-07,3655,3700,3705,3590,18735000.0,-1.22,-0.012236726448436921
2023-12-08,3615,3655,3690,3590,9213000.0,-1.09,-0.011004237591013816
2023-12-11,3930,3615,4270,3605,375000000.0,8.71,0.08354757027044178
2023-12-12,3865,3895,3955,3855,40346000.0,-1.65,-0.016677743841784592
2023-12-13,3900,3855,3900,3730,29028000.0,0.91,0.00901487109621536
2023-12-14,3960,3900,3990,3750,51019000.0,1.54,0.01526747213078838
2023-12-15,3820,3935,3935,3795,26464000.0,-3.54,-0.03599360264790537
2023-12-18,3775,3840,3875,3650,11123000.0,-1.18,-0.011850039917495843
2023-12-19,4020,3745,4545,3720,457000000.0,6.49,0.06288151992994173
2023-12-20,4000,3995,4125,3945,49026000.0,-0.5,-0.004987541511039051
2023-12-21,4075,3995,4215,3945,43850000.0,1.88,0.018576385572935457
2023-12-22,4010,4095,4100,3995,23799000.0,-1.6,-0.016079505374348234
2023-12-26,3870,3980,3980,3840,21507000.0,-3.49,-0.03553673427678743
2023-12-27,3925,3910,3990,3840,10114000.0,1.42,0.014111844192681414
2023-12-28,3985,3925,4015,3915,9774000.0,1.53,0.015170961007806604
2024-01-02,4040,4060,4060,3940,12502000.0,1.38,0.013707379730880286
2024-01-03,4020,3960,4025,3920,9630000.0,-0.5,-0.004962789342129014
2024-01-04,3965,4015,4015,3900,8455000.0,-1.37,-0.013776047544118406
2024-01-05,4000,3965,4030,3945,6555000.0,0.88,0.008788506033079338
2024-01-08,4120,4000,4140,3975,19356000.0,3.0,0.02955880224154443
2024-01-09,4115,4110,4165,4100,12793000.0,-0.12,-0.0012143292324019422
2024-01-10,3995,4115,4140,3995,9021000.0,-2.92,-0.029595254910795166
2024-01-11,4045,4050,4080,4005,4360000.0,1.25,0.012437971292217053
2024-01-12,3860,4010,4020,3820,13086000.0,-4.57,-0.04681436703371552
2024-01-15,3725,3815,3855,3715,8798000.0,-3.5,-0.03560033164521667
2024-01-16,4050,3705,4090,3675,32235000.0,8.72,0.08365002928692492
2024-01-17,4040,4060,4090,3835,14692000.0,-0.25,-0.002472189145389037
2024-01-18,3835,4040,4510,3825,287000000.0,-5.07,-0.05207525715383924
2024-01-19,3790,3850,3905,3785,15954000.0,-1.17,-0.011803415724884489
2024-01-22,3745,3795,3845,3745,11736000.0,-1.19,-0.01194440212515218
2024-01-23,3880,3730,3910,3730,12800000.0,3.6,0.03541353666599926
2024-01-24,3805,3845,3890,3785,6547000.0,-1.93,-0.019519162321532956
2024-01-25,3795,3805,3805,3670,11693000.0,-0.26,-0.002631580466055932
2024-01-26,3835,3795,3920,3755,8683000.0,1.05,0.010485023971626347
2024-01-29,3775,3850,3950,3720,10262000.0,-1.56,-0.01576905211823147
2024-01-30,3750,3805,3815,3750,3890000.0,-0.66,-0.006644542718668613
2024-01-31,3725,3750,3795,3700,3764000.0,-0.67,-0.006688988150796652
2024-02-01,3700,3725,3735,3605,8039000.0,-0.67,-0.006734032181344068
2024-02-02,3705,3650,3785,3650,5190000.0,0.14,0.0013504390978715467
2024-02-05,3730,3700,3730,3670,3057000.0,0.67,0.006724974907673916
2024-02-06,3710,3705,3740,3665,4322000.0,-0.54,-0.005376357036380406
2024-02-07,3690,3730,3785,3565,3713000.0,-0.54,-0.005405418566907935
2024-02-08,3755,3690,3755,3680,2031000.0,1.76,0.017461827163662288
2024-02-13,3800,3755,3800,3695,4028000.0,1.2,0.011912781516241961
2024-02-14,3835,3795,3850,3750,4120000.0,0.92,0.009168368086879507
2024-02-15,3825,3855,3855,3775,3639000.0,-0.26,-0.002610967540720402
2024-02-16,3780,3805,3830,3750,3657000.0,-1.18,-0.011834457647002796
2024-02-19,3800,3825,3825,3770,1643000.0,0.53,0.005277057100843819
2024-02-20,3805,3815,4575,3780,826000000.0,0.13,0.001314924581309022
2024-02-21,3670,3810,3810,3660,46464000.0,-3.55,-0.036124329247170274
2024-02-22,3610,3605,3670,3565,19141000.0,-1.63,-0.01648388972168937
2024-02-23,3595,3590,3650,3570,9365000.0,-0.42,-0.004163781171779501
2024-02-26,3640,3600,3665,3600,5451000.0,1.25,0.012439690475639201
2024-02-27,3570,3605,3735,3530,19287000.0,-1.92,-0.019418085857101627
2024-02-28,3600,3540,3620,3520,5145000.0,0.84,0.00836824967051658
2024-02-29,3595,3570,3655,3540,3941000.0,-0.14,-0.0013898542890543016
2024-03-04,3525,3555,3600,3500,6077000.0,-1.95,-0.01966355490877802
2024-03-05,3460,3520,3525,3435,8105000.0,-1.84,-0.018611847194599115
2024-03-06,3420,3430,3500,3400,4161000.0,-1.16,-0.011628037995119099
2024-03-07,3315,3430,3435,3305,9265000.0,-3.07,-0.03118292743668794
2024-03-08,3490,3350,3490,3310,6860000.0,5.28,0.05144411257651
2024-03-11,3585,3490,3615,3470,7153000.0,2.72,0.02685673783724794
2024-03-12,3605,3585,3635,3530,4758000.0,0.56,0.005563296685328732
2024-03-13,3550,3605,3620,3540,3484000.0,-1.53,-0.015374167249587964
2024-03-14,3605,3550,3660,3550,3746000.0,1.55,0.01537416724958795
2024-03-15,3575,3560,3640,3425,9337000.0,-0.83,-0.008356594590941418
2024-03-18,3770,3580,3935,3575,106000000.0,5.45,0.05310982531394833
2024-03-19,3725,3715,3775,3650,13898000.0,-1.19,-0.012008149628396607
2024-03-20,3655,3715,3730,3650,9002000.0,-1.88,-0.018970758629781006
2024-03-21,3765,3670,3835,3660,19923000.0,3.01,0.0296517680501151
2024-03-22,3785,3780,3805,3695,6566000.0,0.53,0.005298025637555194
2024-03-25,3880,3755,3925,3755,19576000.0,2.51,0.02478926674577007
2024-03-26,3955,3895,3980,3850,16394000.0,1.93,0.019145447584435055
2024-03-27,3960,3920,4040,3920,21680000.0,0.13,0.00126342404677192
2024-03-28,3915,3915,3965,3840,11062000.0,-1.14,-0.011428695823622744
2024-03-29,3970,3905,4005,3880,11835000.0,1.4,0.013950765256332593
2024-04-01,3975,3935,4005,3920,4731000.0,0.13,0.0012586534071961062
2024-04-02,3780,3945,4550,3770,176000000.0,-4.91,-0.05030073847479889
2024-04-03,3770,3810,3850,3705,18273000.0,-0.26,-0.002649008171576953
2024-04-04,3775,3770,3920,3740,15628000.0,0.13,0.0013253812410687102
2024-04-05,3740,3770,3770,3665,5809000.0,-0.93,-0.009314771274547485
2024-04-08,3705,3745,3850,3700,5693000.0,-0.94,-0.009402352678390393
2024-04-09,3800,3670,3800,3670,6457000.0,2.56,0.025317807984289786
2024-04-11,3770,3790,3805,3690,4872000.0,-0.79,-0.007926065272420716
2024-04-12,3800,3840,3840,3765,4857000.0,0.8,0.007926065272420723
2024-04-15,3740,3725,3800,3700,3546000.0,-1.58,-0.015915455305899568
2024-04-16,3660,3675,3730,3620,5037000.0,-2.14,-0.021622464013165657
2024-04-17,3630,3610,3695,3610,3540000.0,-0.82,-0.00823049913651548
2024-04-18,3830,3630,3855,3615,6302000.0,5.51,0.05363215491579511
2024-04-19,3765,3830,3830,3705,4063000.0,-1.7,-0.017116941940697752
2024-04-22,3725,3780,3870,3725,3167000.0,-1.06,-0.010681009420334052
2024-04-23,3780,3725,3785,3690,2084000.0,1.48,0.01465715779997344
2024-04-24,3765,3750,3820,3745,2751000.0,-0.4,-0.003976148379639406
2024-04-25,3680,3765,3765,3680,4143000.0,-2.26,-0.02283510907101732
2024-04-26,3590,3680,3680,3560,7986000.0,-2.45,-0.02476054968065211
2024-04-29,3505,3610,3670,3505,5936000.0,-2.37,-0.023961682013634068
2024-04-30,3680,3555,3760,3555,9747000.0,4.99,0.048722231694286154
2024-05-02,3805,3695,3845,3650,9321000.0,3.4,0.03340323913280967
2024-05-03,3660,3820,3820,3625,11935000.0,-3.81,-0.038852843900374315
2024-05-07,3630,3650,3680,3605,3418000.0,-0.82,-0.00823049913651548
2024-05-08,3625,3630,3630,3570,2374000.0,-0.14,-0.0013783599701212709
2024-05-09,3665,3625,3730,3605,8395000.0,1.1,0.01097404703197665
2024-05-10,3665,3665,3680,3620,2603000.0,0.0,0.0
2024-05-13,3735,3680,3740,3635,5467000.0,1.91,0.01891948324616588
2024-05-14,3715,3735,3795,3675,3597000.0,-0.54,-0.005369140415058097
2024-05-16,3750,3715,3845,3670,10363000.0,0.94,0.009377161812597005
2024-05-17,3725,3720,3780,3680,7767000.0,-0.67,-0.006688988150796652
2024-05-20,3685,3750,3775,3680,3127000.0,-1.07,-0.010796326190222942
2024-05-21,3825,3665,3875,3665,15693000.0,3.8,0.037287941637199284
2024-05-22,3730,3835,3840,3730,4557000.0,-2.48,-0.02515023362277501
2024-05-23,3870,3700,3920,3700,14020000.0,3.75,0.036846273385966286
2024-05-24,3780,3810,3865,3765,5627000.0,-2.33,-0.02353049741019416
2024-05-27,3885,3790,3985,3790,18044000.0,2.78,0.027398974188114347
2024-05-28,3875,3955,3955,3830,4921000.0,-0.26,-0.0025773210143004033
2024-05-29,3780,3875,3880,3720,6414000.0,-2.45,-0.024821653173814014
2024-05-30,3750,3720,3775,3720,2475000.0,-0.79,-0.007968169649176845
2024-05-31,3695,3750,3775,3685,3095000.0,-1.47,-0.014775285582154402
2024-06-03,3675,3670,3740,3635,4575000.0,-0.54,-0.005427421735365128
2024-06-04,3675,3670,3695,3630,2234000.0,0.0,0.0
2024-06-05,3625,3695,3695,3600,3141000.0,-1.36,-0.013698844358161915
2024-06-07,3610,3645,3645,3575,2639000.0,-0.41,-0.004146515961848577
2024-06-10,3635,3590,3705,3590,4469000.0,0.69,0.006901338640693181
2024-06-11,3600,3605,3655,3580,3481000.0,-0.96,-0.009675265523418422
2024-06-12,3565,3610,3620,3555,3866000.0,-0.97,-0.009769791595805023
2024-06-13,3555,3570,3620,3545,4130000.0,-0.28,-0.0028089906110551153
2024-06-14,3365,3555,3565,3365,17716000.0,-5.34,-0.054927100158513126
2024-06-17,3360,3365,3415,3350,4390000.0,-0.15,-0.0014869891215782557
2024-06-18,3370,3360,3380,3310,4324000.0,0.3,0.00297177038915748
2024-06-19,3330,3340,3380,3315,1713000.0,-1.19,-0.011940440371917863
2024-06-20,3330,3330,3355,3280,2542000.0,0.0,0.0
2024-06-21,3160,3330,3345,3145,8945000.0,-5.11,-0.052400276393531675
2024-06-24,3060,3195,3195,3060,6322000.0,-3.16,-0.032157111634531284
2024-06-25,3000,3055,3140,2985,8338000.0,-1.96,-0.019802627296179754
2024-06-26,3030,3045,3045,2975,4279000.0,1.0,0.009950330853168092
2024-06-27,3000,3045,3045,2980,4135000.0,-0.99,-0.009950330853168092
2024-06-28,3060,3010,3070,2980,4532000.0,2.0,0.01980262729617973
2024-07-01,3055,3015,3120,3015,1619000.0,-0.16,-0.0016353233407307532
2024-07-02,2995,3085,3090,2995,2570000.0,-1.96,-0.019835361056145924
2024-07-03,2720,2995,3030,2720,24528000.0,-9.18,-0.09631235125950668
2024-07-04,2630,2725,2795,2600,18686000.0,-3.31,-0.03364803411823276
2024-07-05,2630,2605,2695,2605,10892000.0,0.0,0.0
2024-07-08,2585,2645,2645,2455,26831000.0,-1.71,-0.01725833822928071
2024-07-09,2530,2620,2635,2490,12348000.0,-2.13,-0.02150620522096362
2024-07-10,2600,2530,2600,2465,6025000.0,2.77,0.027292142288007554
2024-07-11,2525,2600,2630,2480,15286000.0,-2.88,-0.029270382300113224
2024-07-12,2640,2525,2715,2525,10400000.0,4.55,0.044537854430901684
2024-07-15,2620,2640,2665,2585,2559000.0,-0.76,-0.007604599385219304
2024-07-16,2580,2625,2650,2525,2861000.0,-1.53,-0.015384918839479456
2024-07-17,2575,2590,2630,2565,3049000.0,-0.19,-0.0019398648178265917
2024-07-18,2545,2575,2600,2500,2937000.0,-1.17,-0.011718884113213375
2024-07-19,2545,2520,2560,2510,2827000.0,0.0,0.0
2024-07-22,2440,2520,2565,2440,5963000.0,-4.13,-0.042132610697375616
2024-07-23,2445,2440,2495,2420,2339000.0,0.2,0.002047083621724823
2024-07-24,2395,2420,2445,2255,5480000.0,-2.04,-0.020661892063956744
2024-07-25,2335,2395,2435,2285,5545000.0,-2.51,-0.025371339742017947
2024-07-26,2390,2335,2390,2300,1394000.0,2.36,0.023281474822558622
2024-07-29,2425,2365,2435,2350,1250000.0,1.46,0.014538158446027285
2024-07-30,2365,2395,2435,2305,2246000.0,-2.47,-0.02505350244555025
2024-07-31,2375,2320,2385,2310,2976000.0,0.42,0.0042194155427082896
2024-08-01,2525,2375,2565,2375,6902000.0,6.32,0.061243625240718594
2024-08-02,2555,2485,2655,2465,15964000.0,1.19,0.01181116092834462
2024-08-05,2385,2555,2690,2255,18046000.0,-6.65,-0.06885309931536321
2024-08-06,2490,2285,2670,2285,10966000.0,4.4,0.0430835861363117
2024-08-07,2585,2455,2630,2455,8113000.0,3.82,0.037442797483776234
2024-08-08,2570,2640,2745,2520,9268000.0,-0.58,-0.0058196090532640415
2024-08-09,2505,2550,2620,2505,5615000.0,-2.53,-0.02561716437030033
2024-08-12,2610,2505,2630,2505,3085000.0,4.19,0.04106148679777392
2024-08-13,2655,2585,2665,2585,2491000.0,1.72,0.01709443335930004
2024-08-14,2600,2625,2700,2600,2663000.0,-2.07,-0.02093320966646579
2024-08-16,2635,2605,2680,2525,2318000.0,1.35,0.01337173696588924
2024-08-19,2570,2635,2635,2520,6405000.0,-2.47,-0.02497728308619721
2024-08-20,2545,2555,2620,2535,3526000.0,-0.97,-0.00977524890464233
2024-08-21,2505,2550,2575,2485,4547000.0,-1.57,-0.015841915465657976
2024-08-22,2895,2505,3175,2480,445000000.0,15.57,0.14469637648813036
2024-08-23,2860,2775,3000,2750,101000000.0,-1.21,-0.01216348619319735
2024-08-26,2905,2885,2995,2815,36601000.0,1.57,0.015611765472113433
2024-08-27,3095,2910,3285,2830,114000000.0,6.54,0.06335451583268477
2024-08-28,2915,3095,3575,2830,405000000.0,-5.82,-0.05991808633410369
2024-08-29,2745,2890,3005,2680,53172000.0,-5.83,-0.060088744840961765
2024-08-30,2765,2745,2840,2700,16496000.0,0.73,0.007259560012804102
2024-09-02,2680,2740,2830,2665,22693000.0,-3.07,-0.03122384045153285
2024-09-03,2600,2680,2770,2600,9639000.0,-2.99,-0.030305349495328922
2024-09-04,2495,2545,3040,2420,201000000.0,-4.04,-0.04122271582395434
2024-09-05,2450,2475,2685,2415,36156000.0,-1.8,-0.01820070464684639
2024-09-06,2375,2430,2470,2360,16276000.0,-3.06,-0.03109058707003112
2024-09-09,2385,2350,2410,2345,5902000.0,0.42,0.004201686853699977
2024-09-10,2355,2370,2430,2355,4954000.0,-1.26,-0.012658396871923465
2024-09-11,2370,2360,2475,2355,5542000.0,0.64,0.0063492276786587445
2024-09-12,2435,2355,2450,2355,4412000.0,2.74,0.027056801387513294
2024-09-13,2445,2420,2550,2415,9589000.0,0.41,0.004098366392282185
2024-09-19,2490,2445,2500,2420,4374000.0,1.84,0.018237587549780793
2024-09-20,2555,2515,2575,2500,6007000.0,2.61,0.02576951317905161
2024-09-23,2475,2520,2580,2475,4106000.0,-3.13,-0.03181182763501413
2024-09-24,2475,2450,2525,2445,2828000.0,0.0,0.0
2024-09-25,2500,2480,2550,2480,3935000.0,1.01,0.010050335853501506
2024-09-26,2530,2500,2540,2495,1808000.0,1.2,0.011928570865273812
2024-09-27,2620,2530,2685,2495,13090000.0,3.56,0.034955015033576634
2024-09-30,2560,2630,2630,2560,2479000.0,-2.29,-0.023167059281534418
2024-10-02,2480,2560,2595,2480,7003000.0,-3.13,-0.0317486983145803
2024-10-04,2520,2485,2570,2485,1420000.0,1.61,0.01600034134644112
2024-10-07,2500,2480,2550,2465,4042000.0,-0.79,-0.007968169649176845
2024-10-08,2460,2500,2515,2400,5555000.0,-1.6,-0.016129381929883644
2024-10-10,2360,2440,2445,2355,10165000.0,-4.07,-0.041499730906752734
2024-10-11,2355,2385,2410,2355,3731000.0,-0.21,-0.0021208915691376244
2024-10-14,2335,2345,2370,2295,3854000.0,-0.85,-0.008528836347520436
2024-10-15,2335,2330,2360,2330,976000.0,0.0,0.0
2024-10-16,2320,2335,2335,2280,6762000.0,-0.64,-0.006444705442642095
2024-10-17,2300,2335,2340,2285,3432000.0,-0.86,-0.008658062743114541
2024-10-18,2270,2280,2300,2260,1858000.0,-1.3,-0.013129291441792736
2024-10-21,2290,2270,2345,2265,3408000.0,0.88,0.008771986072837041
2024-10-22,2270,2270,2510,2250,27658000.0,-0.87,-0.008771986072836994
2024-10-23,2270,2285,2390,2225,15249000.0,0.0,0.0
2024-10-24,2255,2270,2300,2245,2993000.0,-0.66,-0.0066298585386696885
2024-10-25,2220,2220,2270,2210,8906000.0,-1.55,-0.015642777070453577
2024-10-28,2225,2210,2265,2210,4669000.0,0.23,0.002249719734015546
2024-10-29,2265,2210,2265,2210,2773000.0,1.8,0.017817843316793893
2024-10-30,2195,2260,2265,2190,5852000.0,-3.09,-0.03139271240786272
2024-10-31,2150,2170,2180,2115,6192000.0,-2.05,-0.02071420438756322
2024-11-01,2070,2090,2120,2060,7088000.0,-3.72,-0.037919234862293726
2024-11-04,2150,2070,2250,2055,21954000.0,3.86,0.03791923486229368
2024-11-05,2165,2135,2185,2105,7403000.0,0.7,0.006952519314881663
2024-11-06,2115,2170,2180,2115,2915000.0,-2.31,-0.023365548956211884
2024-11-07,2070,2110,2110,2055,4903000.0,-2.13,-0.02150620522096362
2024-11-08,2020,2070,2160,2005,8295000.0,-2.42,-0.02445109586416431
2024-11-11,2090,2020,2115,1930,22469000.0,3.47,0.03406655456360627
2024-11-12,1995,2085,2085,1981,5742000.0,-4.55,-0.04652001563489282
2024-11-13,1957,1940,2000,1940,2581000.0,-1.9,-0.019231361927887644
2024-11-14,2070,1950,2110,1950,10133000.0,5.77,0.05613591886333848
2024-11-15,2185,2140,2220,2050,14133000.0,5.56,0.05406722127027579
2024-11-18,2200,2170,2235,2170,7946000.0,0.69,0.006841531816716784
2024-11-19,2235,2180,2290,2180,10610000.0,1.59,0.01578386770126195
2024-11-20,2290,2220,2355,2220,10941000.0,2.46,0.024310589500616056
2024-11-21,2340,2295,2370,2295,9829000.0,2.18,0.02159911180346172
2024-11-22,2355,2350,2385,2340,8563000.0,0.64,0.006389798098770988
2024-11-25,2435,2350,2445,2335,10016000.0,3.4,0.03340602906617204
2024-11-26,2490,2420,2500,2350,9874000.0,2.26,0.022335953942063082
2024-11-27,2540,2495,2550,2475,8957000.0,2.01,0.019881370553828995
2024-11-28,2540,2530,2555,2485,7235000.0,0.0,0.0
2024-11-29,2510,2530,2545,2470,9083000.0,-1.18,-0.011881327886752675
2024-12-02,2540,2505,2560,2505,11088000.0,1.2,0.011881327886752686
2024-12-03,2570,2540,2575,2510,5935000.0,1.18,0.011741817876683195
2024-12-04,2535,2470,2590,2470,10278000.0,-1.36,-0.013712261863981895
2024-12-05,2535,2525,2560,2470,9778000.0,0.0,0.0
2024-12-06,2500,2535,2550,2410,6981000.0,-1.38,-0.01390290516899138
2024-12-09,2445,2415,2500,2370,8412000.0,-2.2,-0.022245608947319737
2024-12-10,2495,2430,2525,2430,7993000.0,2.04,0.020243606276646595
2024-12-11,2545,2495,2570,2490,4237000.0,2.0,0.019841920799004098
2024-12-12,2630,2550,2640,2545,7111000.0,3.34,0.032853196187187156
2024-12-13,2720,2685,2730,2620,15155000.0,3.42,0.03364803411823273
2024-12-16,2655,2750,2750,2635,6611000.0,-2.39,-0.02418722561400382
2024-12-17,2575,2655,2670,2575,4241000.0,-3.01,-0.03059512057820267
2024-12-18,2585,2555,2655,2525,5221000.0,0.39,0.0038759738446929397
2024-12-19,2570,2490,2705,2490,6005000.0,-0.58,-0.0058196090532640415
2024-12-20,2635,2585,2710,2545,11976000.0,2.53,0.024977283086197132
2024-12-23,2620,2635,2690,2510,8314000.0,-0.57,-0.005708864220320204
2024-12-24,2540,2600,2635,2540,7488000.0,-3.05,-0.031010236742560322
2024-12-26,2580,2515,2620,2500,6668000.0,1.57,0.015625317903080815
2024-12-27,2580,2560,2595,2540,5167000.0,0.0,0.0
2024-12-30,2590,2580,2635,2555,3950000.0,0.39,0.003868476777920332
2025-01-02,2620,2565,2645,2565,5773000.0,1.16,0.01151644206155908
2025-01-03,2665,2650,2685,2635,4910000.0,1.72,0.01702973984480227
2025-01-06,2670,2615,2695,2610,3023000.0,0.19,0.001874414794350352
2025-01-07,2660,2670,2720,2640,7173000.0,-0.37,-0.003752349618550464
2025-01-08,2625,2660,2660,2595,6041000.0,-1.32,-0.01324522675002068
2025-01-09,2655,2630,2660,2595,15712000.0,1.14,0.011363758650315003
2025-01-10,2720,2655,2745,2635,4061000.0,2.45,0.024187225614003827
2025-01-13,2795,2700,2860,2700,9190000.0,2.76,0.027200226299156544
2025-01-14,2800,2795,2825,2710,4183000.0,0.18,0.0017873105740956587
2025-01-15,2875,2800,2970,2770,25173000.0,2.68,0.02643325706815543
2025-01-16,2915,2920,2985,2840,13150000.0,1.39,0.013817145553141903
2025-01-17,2860,2915,2915,2810,5890000.0,-1.89,-0.019048194970694474
2025-01-20,2750,2840,2840,2750,13465000.0,-3.85,-0.03922071315328127
2025-01-21,2780,2725,2800,2710,4709000.0,1.09,0.010850016024065844
2025-01-22,2795,2745,2825,2730,7022000.0,0.54,0.00538117890451675
2025-01-23,2810,2815,2845,2750,3970000.0,0.54,0.005352376738591839
2025-01-24,2800,2810,2840,2780,2501000.0,-0.36,-0.003565066164496146
2025-01-31,2790,2800,2850,2790,3719000.0,-0.36,-0.0035778213478839666
2025-02-03,2710,2790,2790,2700,2723000.0,-2.87,-0.02909296094166478
2025-02-04,2735,2725,2750,2700,1895000.0,0.92,0.009182800982334982
2025-02-05,2780,2745,2805,2740,3699000.0,1.65,0.016319491828601186
2025-02-06,2780,2795,2800,2765,5665000.0,0.0,0.0
2025-02-07,2745,2770,2780,2720,3300000.0,-1.26,-0.012669852741051778
2025-02-10,2770,2755,2820,2745,2327000.0,0.91,0.00906624523775326
2025-02-11,2775,2785,2810,2755,2707000.0,0.18,0.0018034269991507267
2025-02-12,2555,2780,2785,2555,9098000.0,-7.93,-0.08259852354273003
2025-02-13,2560,2550,2625,2530,3479000.0,0.2,0.001955034835803295
2025-02-14,2570,2560,2620,2560,2461000.0,0.39,0.003898640415657323
2025-02-17,2535,2570,2580,2520,4079000.0,-1.36,-0.013712261863981895
2025-02-18,2545,2535,2610,2505,6466000.0,0.39,0.003937012959339599
2025-02-19,2535,2545,2550,2505,3733000.0,-0.39,-0.003937012959339532
2025-02-20,3010,2565,3165,2565,509000000.0,18.74,0.17174644171763792
2025-02-21,3040,2980,3130,2915,109000000.0,1.0,0.009917436657345924
2025-02-24,3115,2990,3155,2990,52927000.0,2.47,0.02437163682128617
2025-02-25,3075,3200,3200,2970,21125000.0,-1.28,-0.01292425098093529
2025-02-26,2950,3015,3075,2840,21644000.0,-4.07,-0.041499730906752734
2025-02-27,2905,2885,2935,2860,10852000.0,-1.53,-0.015371780047853887
2025-02-28,3010,2880,3290,2810,108000000.0,3.61,0.03550668845690982
2025-03-04,3100,3010,3150,3005,23366000.0,2.99,0.029462032730316282
2025-03-05,2955,3060,3082,2820,19149000.0,-4.68,-0.04790346063303902
2025-03-06,3040,2925,3290,2865,73104000.0,2.88,0.028358864560068715
2025-03-07,3050,3000,3155,2940,26560000.0,0.33,0.0032840752011900187
2025-03-10,3175,3045,3285,2925,66169000.0,4.1,0.04016604172533465
2025-03-11,2980,3105,3150,2950,21835000.0,-6.14,-0.06338433182734184
2025-03-12,2985,2980,3065,2940,14087000.0,0.17,0.0016764463272523522
2025-03-13,2760,3030,3030,2760,15829000.0,-7.54,-0.07836906711550677
2025-03-14,2625,2735,2815,2595,20154000.0,-4.89,-0.05014978368547156
2025-03-17,2650,2625,2730,2595,9371000.0,0.95,0.009478743954543739
2025-03-18,2740,2650,2780,2650,12113000.0,3.4,0.03339828040184801
2025-03-19,2715,2740,2820,2685,6290000.0,-0.91,-0.009165967014080057
2025-03-20,2595,2775,2775,2595,8170000.0,-4.42,-0.045205436768046794
2025-03-21,2605,2575,2650,2530,6145000.0,0.39,0.003846158587478315
2025-03-24,2650,2600,2680,2570,12023000.0,1.73,0.017126964792800636
2025-03-25,2605,2635,2650,2580,2641000.0,-1.7,-0.017126964792800597
2025-03-26,2595,2630,2630,2555,1307000.0,-0.38,-0.0038461585874782754
2025-03-27,2590,2595,2650,2550,3110000.0,-0.19,-0.001928640906405597
2025-03-28,2460,2630,2630,2440,7547000.0,-5.02,-0.05149652576717496
2025-03-31,2265,2455,2455,2260,14328000.0,-7.93,-0.08258659100927405
2025-04-01,2440,2240,2585,2240,17472000.0,7.73,0.07442328037011312
2025-04-02,2395,2475,2490,2305,4779000.0,-1.84,-0.018614808442231935
2025-04-03,2355,2400,2410,2355,3962000.0,-1.67,-0.016842503394497464
2025-04-04,2375,2280,2550,2280,6812000.0,0.85,0.008456710018223458
2025-04-07,2310,2375,2395,2175,5619000.0,-2.74,-0.027749912952902377
2025-04-08,2295,2290,2395,2290,2442000.0,-0.65,-0.006514681021193642
2025-04-09,2170,2265,2285,2150,4913000.0,-5.45,-0.05600567596014024
2025-04-10,2300,2180,2380,2180,7955000.0,5.99,0.05818195538273589
2025-04-11,2435,2300,2510,2260,17598000.0,5.87,0.0570376335994491
2025-04-14,2445,2435,2480,2410,4343000.0,0.41,0.004098366392282185
2025-04-15,2390,2425,2455,2375,3558000.0,-2.25,-0.02275175698341607
2025-04-16,2360,2385,2420,2345,3327000.0,-1.26,-0.012631746905900574
2025-04-17,2450,2365,2470,2355,8247000.0,3.81,0.037426405519116815
2025-04-18,2565,2455,2590,2455,19422000.0,4.69,0.04587045406609714
2025-04-21,2540,2565,2620,2460,5060000.0,-0.97,-0.009794397592287698
2025-04-22,2440,2500,2540,2440,5109000.0,-3.94,-0.04016604172533476
2025-04-23,2460,2485,2555,2420,5124000.0,0.82,0.008163310639160835
2025-04-24,2460,2460,2510,2455,2299000.0,0.0,0.0
2025-04-25,2505,2460,2600,2450,2111000.0,1.83,0.0181273845925567
2025-04-28,2540,2510,2595,2455,1954000.0,1.4,0.013875346493617019
2025-04-29,2550,2540,2590,2530,2548000.0,0.39,0.003929278139889557
