날짜,종가,시가,고가,저가,거래량,변동 %
2020-10-16,198495.0,"250,470","250,470","197,010",4.44M,-22.29%
2020-10-19,187110.0,"196,515","200,475","185,130",1.97M,-5.74%
2020-10-20,180675.0,"188,100","191,565","174,240",1.77M,-3.44%
2020-10-21,177210.0,"178,695","183,645","175,230",1.62M,-1.92%
2020-10-22,178200.0,"174,735","183,150","173,745",1.17M,0.56%
2020-10-23,170775.0,"181,170","182,160","169,785",893.73K,-4.17%
2020-10-25,172500.0,"172,500","172,500","172,500",,1.01%
2020-10-26,154440.0,"171,270","171,765","154,440",967.26K,-10.47%
2020-10-27,160875.0,"152,955","164,340","150,975",1.11M,4.17%
2020-10-28,156915.0,"159,885","161,865","155,925",559.78K,-2.46%
2020-10-29,155430.0,"153,945","159,885","152,955",514.09K,-0.95%
2020-10-30,140580.0,"147,510","149,985","140,580",1.13M,-9.55%
2020-11-01,142000.0,"142,000","142,000","142,000",,1.01%
2020-11-02,142065.0,"141,075","145,035","139,590",409.82K,0.05%
2020-11-03,150480.0,"143,055","150,480","143,055",687.93K,5.92%
2020-11-04,147510.0,"151,965","151,965","145,530",328.75K,-1.97%
2020-11-05,162360.0,"148,995","171,270","148,500",1.57M,10.07%
2020-11-06,160380.0,"162,855","164,340","157,905",413.03K,-1.22%
2020-11-08,162000.0,"162,000","162,000","162,000",,1.01%
2020-11-09,161370.0,"162,360","167,805","159,390",429.24K,-0.39%
2020-11-10,166320.0,"166,815","169,785","164,835",491.97K,3.07%
2020-11-11,162360.0,"168,795","170,280","161,370",295.95K,-2.38%
2020-11-12,155925.0,"162,360","162,360","154,440",325.11K,-3.96%
2020-11-13,158400.0,"154,935","160,875","154,440",218.43K,1.59%
2020-11-15,160000.0,"160,000","160,000","160,000",,1.01%
2020-11-16,169785.0,"153,945","170,280","152,955",1.16M,6.12%
2020-11-17,177705.0,"167,310","181,170","163,845",929.35K,4.66%
2020-11-18,179685.0,"179,685","183,645","176,220",417.45K,1.11%
2020-11-19,178200.0,"179,685","180,675","174,240",287.40K,-0.83%
2020-11-20,182655.0,"180,180","191,070","176,220",819.98K,2.50%
2020-11-22,184500.0,"184,500","184,500","184,500",,1.01%
2020-11-23,178200.0,"183,150","184,140","176,220",403.42K,-3.41%
2020-11-24,179190.0,"179,190","179,685","172,260",385.14K,0.56%
2020-11-25,172260.0,"181,665","182,655","170,775",440.61K,-3.87%
2020-11-26,174240.0,"175,230","179,685","173,250",343.49K,1.15%
2020-11-27,176220.0,"176,220","176,715","173,250",127.28K,1.14%
2020-11-29,178000.0,"178,000","178,000","178,000",,1.01%
2020-11-30,177705.0,"176,220","179,190","174,735",176.67K,-0.17%
2020-12-01,179190.0,"180,675","183,150","177,705",328.76K,0.84%
2020-12-02,180180.0,"181,170","181,170","178,200",195.83K,0.55%
2020-12-03,187605.0,"181,665","188,595","180,180",671.19K,4.12%
2020-12-04,185625.0,"187,110","187,605","183,150",258.52K,-1.06%
2020-12-07,178695.0,"186,615","186,615","178,200",253.64K,-3.73%
2020-12-08,180180.0,"178,200","181,665","175,230",202.53K,0.83%
2020-12-09,178200.0,"181,170","181,170","178,200",155.36K,-1.10%
2020-12-10,179685.0,"177,210","179,685","175,230",388.96K,0.83%
2020-12-11,178695.0,"180,180","180,180","177,210",143.68K,-0.55%
2020-12-14,173745.0,"177,705","177,705","173,250",198.33K,-2.77%
2020-12-15,170280.0,"173,745","173,745","168,795",151.46K,-1.99%
2020-12-16,171270.0,"171,270","172,260","169,290",96.47K,0.58%
2020-12-17,159885.0,"167,310","167,310","158,895",716.74K,-6.65%
2020-12-18,160380.0,"160,875","162,360","158,895",161.25K,0.31%
2020-12-20,162000.0,"162,000","162,000","162,000",,1.01%
2020-12-21,156915.0,"160,380","160,380","155,430",158.94K,-3.14%
2020-12-22,152955.0,"155,925","156,915","152,460",165.52K,-2.52%
2020-12-23,151470.0,"152,955","156,420","150,975",148.68K,-0.97%
2020-12-24,156420.0,"151,470","156,915","149,985",133.08K,3.27%
2020-12-28,154935.0,"156,915","157,410","153,450",115.32K,-0.95%
2020-12-29,156915.0,"154,935","158,895","153,450",111.16K,1.28%
2020-12-30,158400.0,"156,915","159,390","155,925",118.08K,0.95%
2021-01-04,156420.0,"158,400","158,895","154,440",153.37K,-1.25%
2021-01-05,156915.0,"155,430","157,410","153,945",168.17K,0.32%
2021-01-06,156915.0,"158,400","159,390","155,925",148.73K,0.00%
2021-01-07,155430.0,"156,915","157,905","155,430",139.96K,-0.95%
2021-01-08,158895.0,"156,420","160,380","153,450",285.80K,2.23%
2021-01-11,152955.0,"160,380","160,875","152,460",254.28K,-3.74%
2021-01-12,151965.0,"152,955","155,430","148,500",203.78K,-0.65%
2021-01-13,166815.0,"151,965","178,200","151,470",2.09M,9.77%
2021-01-14,164340.0,"164,835","168,795","161,865",342.72K,-1.48%
2021-01-15,155430.0,"159,390","160,875","155,430",693.69K,-5.42%
2021-01-17,157000.0,"157,000","157,000","157,000",,1.01%
2021-01-18,163845.0,"154,440","166,815","152,955",634.30K,4.36%
2021-01-19,171765.0,"166,320","172,755","165,330",462.15K,4.83%
2021-01-20,174240.0,"172,260","175,230","167,310",426.38K,1.44%
2021-01-21,171270.0,"176,220","176,220","171,270",242.62K,-1.70%
2021-01-22,190575.0,"171,270","196,020","169,785",2.22M,11.27%
2021-01-24,192500.0,"192,500","192,500","192,500",,1.01%
2021-01-25,201465.0,"199,980","214,830","195,525",1.90M,4.66%
2021-01-26,208395.0,"201,465","216,810","192,555",902.90K,3.44%
2021-01-27,205425.0,"205,920","219,285","204,435",943.17K,-1.43%
2021-01-28,217800.0,"210,870","222,750","206,415",1.66M,6.02%
2021-01-29,202455.0,"219,780","219,780","198,495",772.94K,-7.05%
2021-01-31,204500.0,"204,500","204,500","204,500",,1.01%
2021-02-01,215325.0,"202,455","215,325","197,010",609.36K,5.29%
2021-02-02,230175.0,"216,810","240,075","211,365",1.37M,6.90%
2021-02-03,230175.0,"229,185","238,590","223,245",547.72K,0.00%
2021-02-04,239085.0,"231,660","244,530","226,215",865.58K,3.87%
2021-02-05,240570.0,"241,065","247,005","235,125",400.48K,0.62%
2021-02-08,243045.0,"244,530","248,985","240,570",327.73K,1.03%
2021-02-09,228690.0,"239,580","240,075","227,700",586.94K,-5.91%
2021-02-10,229185.0,"229,680","238,590","228,195",389.99K,0.22%
2021-02-14,231500.0,"231,500","231,500","231,500",,1.01%
2021-02-15,224235.0,"230,670","234,630","223,740",307.46K,-3.14%
2021-02-16,245520.0,"225,720","253,935","225,225",939.11K,9.49%
2021-02-17,246510.0,"245,025","252,450","239,580",395.39K,0.40%
2021-02-18,239085.0,"252,450","256,410","237,105",438.17K,-3.01%
2021-02-19,232155.0,"240,075","243,540","226,710",342.94K,-2.90%
2021-02-21,234500.0,"234,500","234,500","234,500",,1.01%
2021-02-22,224730.0,"233,640","234,135","224,235",225.00K,-4.17%
2021-02-23,226215.0,"225,225","232,155","218,790",207.90K,0.66%
2021-02-24,208890.0,"232,155","237,105","207,900",573.56K,-7.66%
2021-02-25,209880.0,"212,850","214,335","202,950",386.93K,0.47%
2021-02-26,204435.0,"200,475","206,910","198,495",272.57K,-2.59%
2021-03-02,204930.0,"210,870","214,335","203,940",174.90K,0.24%
2021-03-03,210375.0,"207,900","212,355","205,920",227.57K,2.66%
2021-03-04,210870.0,"207,405","214,830","206,910",235.17K,0.24%
2021-03-05,205425.0,"207,405","207,900","202,455",167.07K,-2.58%
2021-03-08,205920.0,"207,405","213,345","203,940",282.70K,0.24%
2021-03-09,198000.0,"207,405","208,890","195,030",303.86K,-3.85%
2021-03-10,191070.0,"201,465","201,960","190,575",215.30K,-3.50%
2021-03-11,209385.0,"192,555","211,365","191,070",449.30K,9.59%
2021-03-12,225720.0,"212,850","226,215","212,355",462.28K,7.80%
2021-03-14,228000.0,"228,000","228,000","228,000",,1.01%
2021-03-15,215820.0,"217,800","224,235","211,860",357.69K,-5.34%
2021-03-16,216810.0,"218,790","220,770","213,840",181.56K,0.46%
2021-03-17,228690.0,"217,800","231,660","217,800",389.09K,5.48%
2021-03-18,231660.0,"229,680","233,145","227,700",253.23K,1.30%
2021-03-19,223740.0,"226,215","229,185","220,770",211.96K,-3.42%
2021-03-21,226000.0,"226,000","226,000","226,000",,1.01%
2021-03-22,227700.0,"225,225","232,155","224,235",203.62K,0.75%
2021-03-23,219780.0,"229,680","232,155","217,800",183.12K,-3.48%
2021-03-24,216810.0,"218,790","223,245","213,840",144.17K,-1.35%
2021-03-25,233145.0,"216,810","233,145","216,315",304.56K,7.53%
2021-03-26,239580.0,"234,630","240,570","226,710",398.24K,2.76%
2021-03-28,242000.0,"242,000","242,000","242,000",,1.01%
2021-03-29,234135.0,"241,065","241,065","231,660",226.34K,-3.25%
2021-03-30,240075.0,"235,620","246,015","234,630",360.50K,2.54%
2021-03-31,240570.0,"242,550","248,490","238,590",275.33K,0.21%
2021-04-01,236610.0,"243,540","244,530","231,660",280.43K,-1.65%
2021-04-02,240570.0,"237,600","241,065","231,660",452.20K,1.67%
2021-04-04,243000.0,"243,000","243,000","243,000",,1.01%
2021-04-05,245520.0,"252,450","262,350","241,065",1.67M,1.04%
2021-04-06,256410.0,"250,470","261,855","248,985",926.55K,4.44%
2021-04-07,273240.0,"259,380","276,705","253,935",1.04M,6.56%
2021-04-08,264330.0,"275,220","282,150","262,350",635.22K,-3.26%
2021-04-09,255420.0,"265,320","269,280","254,430",510.94K,-3.37%
2021-04-11,258000.0,"258,000","258,000","258,000",,1.01%
2021-04-12,249975.0,"253,440","259,875","247,500",458.94K,-3.11%
2021-04-13,249975.0,"252,945","255,915","248,985",317.51K,0.00%
2021-04-14,233145.0,"239,085","244,530","229,680",1.02M,-6.73%
2021-04-15,247500.0,"225,225","252,450","225,225",1.26M,6.16%
2021-04-16,249000.0,"253,500","255,500","242,500",437.81K,0.61%
2021-04-18,249000.0,"249,000","249,000","249,000",,0.00%
2021-04-19,241500.0,"250,000","254,000","240,500",345.79K,-3.01%
2021-04-20,242000.0,"241,000","247,500","239,500",214.42K,0.21%
2021-04-21,242000.0,"242,000","246,500","241,000",229.61K,0.00%
2021-04-22,255000.0,"246,000","256,000","245,500",444.60K,5.37%
2021-04-23,258500.0,"256,000","261,500","251,500",283.51K,1.37%
2021-04-26,259000.0,"260,000","262,500","255,500",215.60K,0.19%
2021-04-27,256000.0,"260,000","264,500","255,000",233.38K,-1.16%
2021-04-28,244000.0,"257,000","258,500","242,000",409.36K,-4.69%
2021-04-29,243500.0,"247,000","247,500","242,000",174.99K,-0.20%
2021-04-30,243000.0,"244,500","249,000","240,000",182.37K,-0.21%
2021-05-02,243000.0,"243,000","243,000","243,000",,0.00%
2021-05-03,236500.0,"243,000","245,000","234,000",194.06K,-2.67%
2021-05-04,239500.0,"237,000","240,500","234,000",194.27K,1.27%
2021-05-05,239500.0,"239,500","239,500","239,500",,0.00%
2021-05-06,251000.0,"240,000","251,000","237,000",263.00K,4.80%
2021-05-07,252500.0,"253,500","256,000","249,000",193.28K,0.60%
2021-05-09,252500.0,"252,500","252,500","252,500",,0.00%
2021-05-10,258500.0,"255,500","262,000","253,500",255.66K,2.38%
2021-05-11,259000.0,"258,000","261,000","253,500",193.29K,0.19%
2021-05-12,246000.0,"259,000","264,000","244,500",379.83K,-5.02%
2021-05-13,240500.0,"242,000","246,000","238,000",247.08K,-2.24%
2021-05-14,242500.0,"245,000","245,000","241,000",148.86K,0.83%
2021-05-16,242500.0,"242,500","242,500","242,500",,0.00%
2021-05-17,248500.0,"242,500","248,500","242,500",142.58K,2.47%
2021-05-18,260500.0,"250,000","260,500","249,000",393.88K,4.83%
2021-05-19,260500.0,"260,500","260,500","260,500",,0.00%
2021-05-20,266000.0,"261,000","266,000","255,000",339.70K,2.11%
2021-05-21,261500.0,"268,000","272,000","257,500",355.55K,-1.69%
2021-05-23,261500.0,"261,500","261,500","261,500",,0.00%
2021-05-24,263500.0,"263,000","272,000","261,000",490.08K,0.76%
2021-05-25,260500.0,"265,000","266,000","255,000",305.55K,-1.14%
2021-05-26,259000.0,"261,500","264,000","256,500",255.12K,-0.58%
2021-05-27,253000.0,"259,500","260,000","252,000",1.02M,-2.32%
2021-05-28,261000.0,"255,000","263,000","254,500",272.19K,3.16%
2021-05-30,261000.0,"261,000","261,000","261,000",,0.00%
2021-05-31,265000.0,"263,500","267,000","261,500",223.33K,1.53%
2021-06-01,261000.0,"266,000","266,500","258,000",182.15K,-1.51%
2021-06-02,263500.0,"263,000","266,500","261,500",203.05K,0.96%
2021-06-03,269500.0,"264,000","274,000","262,500",404.54K,2.28%
2021-06-04,266000.0,"268,500","269,000","260,000",283.20K,-1.30%
2021-06-07,265500.0,"267,000","268,000","261,000",152.49K,-0.19%
2021-06-08,265000.0,"265,000","267,000","263,500",152.43K,-0.19%
2021-06-09,262000.0,"265,000","265,000","261,000",165.29K,-1.13%
2021-06-10,272500.0,"262,000","279,000","261,500",837.85K,4.01%
2021-06-11,275500.0,"272,500","277,500","271,500",305.32K,1.10%
2021-06-13,275500.0,"275,500","275,500","275,500",,0.00%
2021-06-14,282000.0,"277,000","286,000","276,500",450.05K,2.36%
2021-06-15,289000.0,"285,000","293,000","279,500",409.55K,2.48%
2021-06-16,292000.0,"290,500","298,000","287,000",426.24K,1.04%
2021-06-17,297000.0,"292,000","301,000","289,000",465.56K,1.71%
2021-06-18,313000.0,"298,500","326,500","297,500",1.25M,5.39%
2021-06-20,313000.0,"313,000","313,000","313,000",,0.00%
2021-06-21,308000.0,"313,000","321,000","299,500",552.88K,-1.60%
2021-06-22,324500.0,"311,000","324,500","311,000",543.67K,5.36%
2021-06-23,321500.0,"334,500","337,000","318,500",673.93K,-0.92%
2021-06-24,322000.0,"326,000","329,500","317,500",373.11K,0.16%
2021-06-25,314000.0,"326,000","326,500","312,000",352.93K,-2.48%
2021-06-27,314000.0,"314,000","314,000","314,000",,0.00%
2021-06-28,312000.0,"310,500","317,000","307,500",262.11K,-0.64%
2021-06-29,289000.0,"288,500","294,500","286,500",1.95M,-7.37%
2021-06-30,292500.0,"290,500","298,500","289,000",996.88K,1.21%
2021-07-01,302000.0,"293,500","304,500","292,500",731.63K,3.25%
2021-07-02,303000.0,"302,000","305,500","296,500",652.45K,0.33%
2021-07-04,303000.0,"303,000","303,000","303,000",,0.00%
2021-07-05,306500.0,"306,000","315,000","303,000",436.06K,1.16%
2021-07-06,302000.0,"307,500","308,500","300,500",318.23K,-1.47%
2021-07-07,297500.0,"303,000","304,000","297,000",366.90K,-1.49%
2021-07-08,294000.0,"298,500","301,500","290,000",367.22K,-1.18%
2021-07-09,308000.0,"291,500","310,000","289,000",660.65K,4.76%
2021-07-11,308000.0,"308,000","308,000","308,000",,0.00%
2021-07-12,307000.0,"310,000","314,500","302,500",384.81K,-0.32%
2021-07-13,309000.0,"306,500","315,000","306,000",404.02K,0.65%
2021-07-14,319000.0,"312,000","323,000","309,000",528.18K,3.24%
2021-07-15,319500.0,"320,000","322,000","315,500",236.13K,0.16%
2021-07-16,317500.0,"319,000","319,000","314,500",225.62K,-0.63%
2021-07-18,317500.0,"317,500","317,500","317,500",,0.00%
2021-07-19,315000.0,"317,000","317,500","310,500",207.60K,-0.79%
2021-07-20,306000.0,"311,500","318,500","299,000",479.10K,-2.86%
2021-07-21,298500.0,"311,000","312,000","296,500",386.11K,-2.45%
2021-07-22,301500.0,"301,500","306,500","298,500",252.93K,1.01%
2021-07-23,303000.0,"300,500","306,500","299,000",193.93K,0.50%
2021-07-25,303000.0,"303,000","303,000","303,000",,0.00%
2021-07-26,299000.0,"305,000","307,000","298,500",168.16K,-1.32%
2021-07-27,298500.0,"301,000","302,000","296,500",127.84K,-0.17%
2021-07-28,299000.0,"299,000","303,500","297,500",151.98K,0.17%
2021-07-29,297000.0,"299,500","302,000","295,000",158.80K,-0.67%
2021-07-30,289500.0,"296,500","297,000","289,500",230.23K,-2.53%
2021-08-01,289500.0,"289,500","289,500","289,500",,0.00%
2021-08-02,294500.0,"292,500","299,000","291,000",195.70K,1.73%
2021-08-03,291500.0,"295,000","301,000","289,000",208.92K,-1.02%
2021-08-04,295500.0,"291,500","297,500","290,000",130.76K,1.37%
2021-08-05,298500.0,"297,000","300,500","295,500",161.75K,1.02%
2021-08-06,310000.0,"303,500","310,500","298,000",324.56K,3.85%
2021-08-08,310000.0,"310,000","310,000","310,000",,0.00%
2021-08-09,308000.0,"307,500","311,500","304,000",188.16K,-0.65%
2021-08-10,313500.0,"308,000","316,000","306,500",258.07K,1.79%
2021-08-11,301000.0,"312,500","313,000","299,000",238.21K,-3.99%
2021-08-12,303500.0,"304,000","305,500","299,500",158.35K,0.83%
2021-08-13,299000.0,"301,000","303,000","296,500",157.85K,-1.48%
2021-08-16,299000.0,"299,000","299,000","299,000",,0.00%
2021-08-17,291500.0,"299,500","303,500","289,000",219.78K,-2.51%
2021-08-18,293000.0,"289,500","295,000","282,000",172.83K,0.51%
2021-08-19,285000.0,"290,500","294,000","285,000",154.11K,-2.73%
2021-08-20,274000.0,"284,000","290,500","267,500",372.14K,-3.86%
2021-08-22,274000.0,"274,000","274,000","274,000",,0.00%
2021-08-23,283500.0,"274,500","284,500","274,500",139.42K,3.47%
2021-08-24,288500.0,"286,000","292,000","286,000",131.19K,1.76%
2021-08-25,285500.0,"288,500","290,000","283,500",99.68K,-1.04%
2021-08-26,287000.0,"287,500","289,500","285,000",92.40K,0.53%
2021-08-27,284500.0,"286,500","288,000","283,000",90.08K,-0.87%
2021-08-30,286000.0,"289,500","291,500","286,000",107.18K,0.53%
2021-08-31,289500.0,"286,500","290,500","280,500",181.44K,1.22%
2021-09-01,286000.0,"288,500","291,000","285,000",97.94K,-1.21%
2021-09-02,280500.0,"287,000","287,000","280,500",124.19K,-1.92%
2021-09-03,281000.0,"284,500","284,500","279,500",114.11K,0.18%
2021-09-06,286500.0,"280,500","288,000","279,500",128.93K,1.96%
2021-09-07,286000.0,"286,500","288,000","284,500",92.24K,-0.17%
2021-09-08,280000.0,"286,000","287,000","278,500",129.68K,-2.10%
2021-09-09,278000.0,"280,000","283,500","276,000",132.34K,-0.71%
2021-09-10,269500.0,"276,500","279,500","251,000",740.40K,-3.06%
2021-09-12,269500.0,"269,500","269,500","269,500",,0.00%
2021-09-13,264000.0,"265,500","273,500","260,500",192.75K,-2.04%
2021-09-14,283500.0,"267,000","285,000","267,000",401.30K,7.39%
2021-09-15,279500.0,"282,000","286,500","279,500",134.58K,-1.41%
2021-09-16,276500.0,"283,000","283,000","274,500",112.85K,-1.07%
2021-09-17,276500.0,"276,000","278,000","270,000",223.55K,0.00%
2021-09-22,276500.0,"276,500","276,500","276,500",,0.00%
2021-09-23,270500.0,"276,000","279,500","270,500",142.92K,-2.17%
2021-09-24,268000.0,"271,000","275,500","267,500",119.76K,-0.92%
2021-09-26,268000.0,"268,000","268,000","268,000",,0.00%
2021-09-27,278000.0,"268,000","283,000","268,000",198.50K,3.73%
2021-09-28,283500.0,"287,500","294,500","281,500",414.23K,1.98%
2021-09-29,287000.0,"276,500","289,000","276,500",225.38K,1.23%
2021-09-30,298500.0,"290,000","302,500","289,000",490.25K,4.01%
2021-10-01,291500.0,"299,500","302,000","287,000",324.53K,-2.35%
2021-10-04,291500.0,"291,500","291,500","291,500",,0.00%
2021-10-05,293000.0,"288,000","300,000","288,000",359.90K,0.51%
2021-10-06,283000.0,"297,000","297,500","283,000",232.17K,-3.41%
2021-10-07,291500.0,"286,000","296,500","285,000",254.72K,3.00%
2021-10-08,281000.0,"291,500","295,000","280,500",239.25K,-3.60%
2021-10-11,281000.0,"281,000","281,000","281,000",,0.00%
2021-10-12,275500.0,"281,000","282,000","272,000",160.98K,-1.96%
2021-10-13,274500.0,"272,500","279,500","272,500",103.97K,-0.36%
2021-10-14,288500.0,"274,500","288,500","273,500",256.70K,5.10%
2021-10-15,306500.0,"290,000","308,500","290,000",753.83K,6.24%
2021-10-17,306500.0,"306,500","306,500","306,500",,0.00%
2021-10-18,305000.0,"307,500","310,500","303,500",331.25K,-0.49%
2021-10-19,322000.0,"309,000","324,500","306,500",502.26K,5.57%
2021-10-20,319500.0,"326,000","338,000","315,000",767.21K,-0.78%
2021-10-21,330500.0,"321,500","335,500","315,000",533.05K,3.44%
2021-10-22,325000.0,"331,000","334,000","316,000",484.64K,-1.66%
2021-10-24,325000.0,"325,000","325,000","325,000",,0.00%
2021-10-25,326000.0,"324,500","329,500","319,000",247.60K,0.31%
2021-10-26,342000.0,"328,000","347,000","325,500",713.68K,4.91%
2021-10-27,348500.0,"343,000","349,500","337,000",427.43K,1.90%
2021-10-28,333500.0,"346,000","349,000","330,500",453.03K,-4.30%
2021-10-29,335000.0,"337,500","342,000","330,500",245.88K,0.45%
2021-10-31,335000.0,"335,000","335,000","335,000",,0.00%
2021-11-01,348500.0,"340,000","350,000","338,000",414.70K,4.03%
2021-11-02,348000.0,"352,500","358,500","345,000",318.35K,-0.14%
2021-11-03,346500.0,"349,000","356,000","341,000",263.08K,-0.43%
2021-11-04,356500.0,"354,000","372,500","340,000",937.92K,2.89%
2021-11-05,383500.0,"360,500","388,000","357,000",805.39K,7.57%
2021-11-08,392500.0,"383,500","397,500","380,500",426.82K,2.35%
2021-11-09,389000.0,"390,000","394,500","383,000",321.78K,-0.89%
2021-11-10,385000.0,"390,500","396,500","377,000",350.03K,-1.03%
2021-11-11,389000.0,"379,000","390,500","378,000",277.55K,1.04%
2021-11-12,396500.0,"393,000","401,500","389,000",310.56K,1.93%
2021-11-14,396500.0,"396,500","396,500","396,500",,0.00%
2021-11-15,407000.0,"398,500","413,500","396,500",265.85K,2.65%
2021-11-16,414000.0,"410,000","418,000","404,500",316.68K,1.72%
2021-11-17,414000.0,"418,000","421,500","408,500",297.54K,0.00%
2021-11-18,412500.0,"414,000","419,000","395,000",378.31K,-0.36%
2021-11-19,400500.0,"413,000","416,000","400,000",326.89K,-2.91%
2021-11-21,400500.0,"400,500","400,500","400,500",,0.00%
2021-11-22,392500.0,"395,000","397,500","370,000",564.26K,-2.00%
2021-11-23,392500.0,"390,500","406,000","382,000",286.92K,0.00%
2021-11-24,386000.0,"390,000","394,000","374,000",316.35K,-1.66%
2021-11-25,385500.0,"382,500","394,000","382,000",234.57K,-0.13%
2021-11-26,372000.0,"388,500","393,500","366,000",355.66K,-3.50%
2021-11-28,372000.0,"372,000","372,000","372,000",,0.00%
2021-11-29,369000.0,"360,500","386,500","360,000",368.66K,-0.81%
2021-11-30,364500.0,"377,500","380,000","357,500",529.94K,-1.22%
2021-12-01,352500.0,"365,000","369,500","342,500",407.43K,-3.29%
2021-12-02,330000.0,"344,000","346,000","328,500",504.51K,-6.38%
2021-12-03,354500.0,"333,500","358,500","330,000",543.05K,7.42%
2021-12-05,354500.0,"354,500","354,500","354,500",,0.00%
2021-12-06,335000.0,"347,500","349,500","334,000",363.49K,-5.50%
2021-12-07,339500.0,"340,000","344,500","336,000",212.67K,1.34%
2021-12-08,341000.0,"344,000","348,500","337,500",363.03K,0.44%
2021-12-09,354500.0,"345,500","361,000","344,500",538.87K,3.96%
2021-12-10,352000.0,"350,000","356,500","345,000",195.53K,-0.71%
2021-12-12,352000.0,"352,000","352,000","352,000",,0.00%
2021-12-13,337500.0,"351,500","353,000","336,500",268.21K,-4.12%
2021-12-14,331500.0,"332,000","339,000","329,000",206.92K,-1.78%
2021-12-15,332500.0,"328,500","336,000","328,500",117.52K,0.30%
2021-12-16,333000.0,"338,000","338,000","330,500",107.61K,0.15%
2021-12-17,331000.0,"329,500","334,500","328,500",107.05K,-0.60%
2021-12-19,331000.0,"331,000","331,000","331,000",,0.00%
2021-12-20,325000.0,"331,000","338,000","324,500",140.75K,-1.81%
2021-12-21,337000.0,"325,500","338,500","323,000",186.28K,3.69%
2021-12-22,341000.0,"340,000","345,000","334,500",196.43K,1.19%
2021-12-23,341000.0,"346,000","347,500","339,500",152.92K,0.00%
2021-12-24,340500.0,"341,000","345,000","339,500",125.17K,-0.15%
2021-12-26,340500.0,"340,500","340,500","340,500",,0.00%
2021-12-27,341000.0,"338,000","343,000","335,500",152.74K,0.15%
2021-12-28,358000.0,"341,500","362,000","341,500",483.87K,4.99%
2021-12-29,349500.0,"364,000","364,000","346,500",333.56K,-2.37%
2021-12-30,349000.0,"350,000","356,000","345,500",142.37K,-0.14%
2022-01-03,350500.0,"352,000","360,500","349,000",179.30K,0.43%
2022-01-04,337500.0,"350,500","351,500","336,000",220.97K,-3.71%
2022-01-05,314000.0,"332,500","336,000","310,500",498.19K,-6.96%
2022-01-06,298500.0,"308,000","308,500","296,500",456.28K,-4.94%
2022-01-07,302500.0,"302,500","307,500","300,500",220.90K,1.34%
2022-01-09,302500.0,"302,500","302,500","302,500",,0.00%
2022-01-10,295500.0,"302,000","302,000","289,000",274.33K,-2.31%
2022-01-11,289000.0,"294,000","300,500","288,000",207.42K,-2.20%
2022-01-12,297000.0,"295,500","302,500","293,000",221.53K,2.77%
2022-01-13,291500.0,"298,500","299,000","288,000",178.50K,-1.85%
2022-01-14,284000.0,"284,500","285,000","276,500",281.20K,-2.57%
2022-01-16,284000.0,"284,000","284,000","284,000",,0.00%
2022-01-17,280000.0,"281,000","286,500","278,000",140.75K,-1.41%
2022-01-18,277500.0,"280,000","284,500","276,500",149.63K,-0.89%
2022-01-19,274500.0,"273,000","276,500","267,000",267.25K,-1.08%
2022-01-20,288000.0,"275,500","289,000","275,000",261.86K,4.92%
2022-01-21,285000.0,"286,000","293,500","281,000",248.66K,-1.04%
2022-01-23,285000.0,"285,000","285,000","285,000",,0.00%
2022-01-24,277000.0,"283,500","285,000","275,000",191.94K,-2.81%
2022-01-25,271000.0,"280,000","281,500","269,000",178.63K,-2.17%
2022-01-26,251500.0,"271,500","272,500","251,000",425.53K,-7.20%
2022-01-27,241500.0,"250,000","255,000","241,500",306.28K,-3.98%
2022-01-28,237000.0,"244,500","244,500","229,500",406.30K,-1.86%
2022-02-03,238000.0,"244,500","247,000","237,500",205.63K,0.42%
2022-02-04,260000.0,"235,000","264,500","235,000",349.88K,9.24%
2022-02-06,260000.0,"260,000","260,000","260,000",,0.00%
2022-02-07,249500.0,"262,500","262,500","246,000",329.95K,-4.04%
2022-02-08,258500.0,"252,000","268,000","251,500",351.17K,3.61%
2022-02-09,258000.0,"264,000","265,000","255,500",177.12K,-0.19%
2022-02-10,255000.0,"261,000","265,000","253,000",203.27K,-1.16%
2022-02-11,252000.0,"250,000","258,000","245,500",182.87K,-1.18%
2022-02-13,252000.0,"252,000","252,000","252,000",,0.00%
2022-02-14,254000.0,"247,500","256,000","243,000",165.99K,0.79%
2022-02-15,239000.0,"254,000","254,500","237,000",294.72K,-5.91%
2022-02-16,256500.0,"245,000","258,500","241,500",305.40K,7.32%
2022-02-17,260000.0,"260,000","268,500","254,000",465.98K,1.36%
2022-02-18,262500.0,"255,500","265,000","255,000",232.88K,0.96%
2022-02-20,262500.0,"262,500","262,500","262,500",,0.00%
2022-02-21,275500.0,"259,000","276,500","257,500",475.21K,4.95%
2022-02-22,273500.0,"270,000","284,000","270,000",542.04K,-0.73%
2022-02-23,281500.0,"282,500","289,500","280,500",531.61K,2.93%
2022-02-24,283000.0,"279,500","289,000","277,000",456.84K,0.53%
2022-02-25,286500.0,"289,500","292,000","282,000",303.28K,1.24%
2022-02-27,286500.0,"286,500","286,500","286,500",,0.00%
2022-02-28,288500.0,"285,000","289,500","280,500",228.75K,0.70%
2022-03-01,288500.0,"288,500","288,500","288,500",,0.00%
2022-03-02,286500.0,"286,500","289,500","282,000",165.00K,-0.69%
2022-03-03,278500.0,"287,500","288,000","277,000",328.72K,-2.79%
2022-03-04,278000.0,"278,000","281,000","273,000",201.87K,-0.18%
2022-03-06,278000.0,"278,000","278,000","278,000",,0.00%
2022-03-07,276500.0,"270,500","280,500","270,000",174.36K,-0.54%
2022-03-08,274000.0,"273,000","276,500","270,000",177.00K,-0.90%
2022-03-10,285000.0,"280,500","287,000","279,000",240.76K,4.01%
2022-03-11,284000.0,"287,000","289,500","282,000",223.09K,-0.35%
2022-03-14,285000.0,"286,500","289,500","280,000",205.49K,0.35%
2022-03-15,273000.0,"284,000","284,500","270,500",210.97K,-4.21%
2022-03-16,273000.0,"277,000","278,000","269,500",190.13K,0.00%
2022-03-17,280000.0,"279,000","285,500","279,000",218.27K,2.56%
2022-03-18,285500.0,"281,500","287,000","281,000",210.59K,1.96%
2022-03-20,285500.0,"285,500","285,500","285,500",,0.00%
2022-03-21,282000.0,"287,000","289,500","281,000",122.98K,-1.23%
2022-03-22,289000.0,"283,000","289,000","282,000",156.39K,2.48%
2022-03-23,297500.0,"294,500","306,000","292,000",399.63K,2.94%
2022-03-24,300000.0,"297,500","301,000","293,500",156.06K,0.84%
2022-03-25,301000.0,"301,000","303,000","297,500",148.44K,0.33%
2022-03-27,301000.0,"301,000","301,000","301,000",,0.00%
2022-03-28,296000.0,"301,000","301,500","292,500",155.28K,-1.66%
2022-03-29,299000.0,"298,500","303,000","297,000",110.32K,1.01%
2022-03-30,309500.0,"302,500","312,000","299,500",296.08K,3.51%
2022-03-31,309500.0,"310,000","313,500","307,500",148.35K,0.00%
2022-04-01,323000.0,"307,500","329,500","304,000",703.12K,4.36%
2022-04-03,323000.0,"323,000","323,000","323,000",,0.00%
2022-04-04,313500.0,"333,000","334,500","308,500",559.44K,-2.94%
2022-04-05,311500.0,"313,500","317,500","306,500",181.53K,-0.64%
2022-04-06,300000.0,"308,000","311,000","299,000",264.21K,-3.69%
2022-04-07,290000.0,"295,000","303,500","289,500",269.21K,-3.33%
2022-04-08,283500.0,"293,500","296,500","282,000",271.04K,-2.24%
2022-04-10,283500.0,"283,500","283,500","283,500",,0.00%
2022-04-11,282000.0,"286,500","295,000","281,000",253.90K,-0.53%
2022-04-12,283500.0,"279,000","285,000","276,500",179.45K,0.53%
2022-04-13,301500.0,"287,000","302,500","286,000",317.66K,6.35%
2022-04-14,297000.0,"299,000","299,500","292,000",193.88K,-1.49%
2022-04-15,294000.0,"294,000","300,000","287,500",124.33K,-1.01%
2022-04-17,294000.0,"294,000","294,000","294,000",,0.00%
2022-04-18,279500.0,"293,500","293,500","279,000",264.95K,-4.93%
2022-04-19,280000.0,"280,500","283,500","279,000",120.36K,0.18%
2022-04-20,264000.0,"281,500","281,500","263,500",465.09K,-5.71%
2022-04-21,261000.0,"263,000","267,000","257,500",233.26K,-1.14%
2022-04-22,254500.0,"260,000","260,000","253,500",218.76K,-2.49%
2022-04-24,254500.0,"254,500","254,500","254,500",,0.00%
2022-04-25,250500.0,"248,500","257,000","246,500",165.26K,-1.57%
2022-04-26,260500.0,"253,000","264,000","253,000",251.46K,3.99%
2022-04-27,260500.0,"253,500","264,000","251,000",254.89K,0.00%
2022-04-28,259000.0,"263,000","263,500","256,000",147.33K,-0.58%
2022-04-29,251500.0,"259,500","260,500","251,000",222.47K,-2.90%
2022-05-01,251500.0,"251,500","251,500","251,500",,0.00%
2022-05-02,252500.0,"247,500","253,500","244,500",145.44K,0.40%
2022-05-03,253500.0,"253,500","257,000","251,500",153.05K,0.40%
2022-05-04,247000.0,"255,000","256,000","245,000",272.14K,-2.56%
2022-05-05,247000.0,"247,000","247,000","247,000",,0.00%
2022-05-06,241000.0,"245,000","249,000","240,000",196.52K,-2.43%
2022-05-09,235500.0,"238,000","240,000","233,500",183.15K,-2.28%
2022-05-10,230500.0,"229,500","233,000","219,000",348.07K,-2.12%
2022-05-11,228000.0,"230,000","234,000","226,000",170.59K,-1.08%
2022-05-12,213000.0,"221,500","225,000","211,500",402.16K,-6.58%
2022-05-13,215000.0,"213,000","218,000","211,500",244.76K,0.94%
2022-05-15,215000.0,"215,000","215,000","215,000",,0.00%
2022-05-16,215500.0,"216,500","222,000","213,000",182.52K,0.23%
2022-05-17,219000.0,"215,000","222,000","215,000",130.09K,1.62%
2022-05-18,220000.0,"222,500","226,500","219,500",204.52K,0.46%
2022-05-19,218500.0,"212,000","221,500","212,000",144.14K,-0.68%
2022-05-20,221000.0,"219,000","221,000","213,000",275.71K,1.14%
2022-05-22,221000.0,"221,000","221,000","221,000",,0.00%
2022-05-23,221000.0,"220,500","221,500","217,500",129.88K,0.00%
2022-05-24,215500.0,"221,000","221,000","215,000",113.33K,-2.49%
2022-05-25,219500.0,"216,500","221,000","216,000",124.04K,1.86%
2022-05-26,214500.0,"220,000","221,500","213,500",133.14K,-2.28%
2022-05-27,218500.0,"219,500","226,500","215,500",252.56K,1.86%
2022-05-30,228000.0,"222,500","228,000","220,500",211.85K,4.35%
2022-05-31,231000.0,"228,000","233,000","225,500",240.94K,1.32%
2022-06-01,231000.0,"231,000","231,000","231,000",,0.00%
2022-06-02,227000.0,"232,000","232,500","224,500",136.56K,-1.73%
2022-06-03,228000.0,"229,000","232,000","227,500",137.27K,0.44%
2022-06-06,228000.0,"228,000","228,000","228,000",,0.00%
2022-06-07,221500.0,"229,500","230,000","220,000",144.97K,-2.85%
2022-06-08,222000.0,"221,500","226,000","220,000",101.79K,0.23%
2022-06-09,227500.0,"222,000","228,000","221,000",194.89K,2.48%
2022-06-10,223500.0,"223,500","225,500","220,000",159.06K,-1.76%
2022-06-12,223500.0,"223,500","223,500","223,500",,0.00%
2022-06-13,199000.0,"216,000","217,500","198,500",448.57K,-10.96%
2022-06-14,193000.0,"192,000","196,000","184,500",495.42K,-3.02%
2022-06-15,145000.0,"168,000","168,500","139,000",4.19M,-24.87%
2022-06-16,148000.0,"148,000","158,000","139,000",2.69M,2.07%
2022-06-17,148500.0,"141,000","153,000","140,500",872.49K,0.34%
2022-06-19,148500.0,"148,500","148,500","148,500",,0.00%
2022-06-20,149500.0,"151,500","152,000","145,500",480.65K,0.67%
2022-06-21,149500.0,"150,000","151,500","139,500",503.50K,0.00%
2022-06-22,139500.0,"152,000","152,500","139,500",471.68K,-6.69%
2022-06-23,139500.0,"138,000","146,000","138,000",551.36K,0.00%
2022-06-24,148000.0,"141,000","149,500","140,500",404.24K,6.09%
2022-06-26,148000.0,"148,000","148,000","148,000",,0.00%
2022-06-27,152000.0,"150,000","154,000","144,000",392.97K,2.70%
2022-06-28,147000.0,"151,000","151,000","142,500",535.50K,-3.29%
2022-06-29,148500.0,"144,000","150,000","143,500",230.71K,1.02%
2022-06-30,145500.0,"147,500","152,000","144,000",246.30K,-2.02%
2022-07-01,140000.0,"146,500","148,000","139,000",250.83K,-3.78%
2022-07-04,142000.0,"142,500","146,500","139,500",254.73K,1.43%
2022-07-05,150000.0,"142,500","150,500","142,000",286.13K,5.63%
2022-07-06,149500.0,"149,000","156,000","147,000",362.49K,-0.33%
2022-07-07,158500.0,"151,000","164,500","150,500",404.29K,6.02%
2022-07-08,164500.0,"160,500","170,500","158,500",426.40K,3.79%
2022-07-10,164500.0,"164,500","164,500","164,500",,0.00%
2022-07-11,159500.0,"166,000","168,500","158,500",216.52K,-3.04%
2022-07-12,156000.0,"158,000","160,000","152,500",187.61K,-2.19%
2022-07-13,158500.0,"156,000","161,000","155,000",130.01K,1.60%
2022-07-14,163500.0,"156,500","165,000","156,500",230.96K,3.15%
2022-07-15,156500.0,"163,500","164,500","156,000",178.10K,-4.28%
2022-07-18,154500.0,"158,500","159,000","150,000",190.62K,-1.28%
2022-07-19,152500.0,"153,000","154,000","150,500",159.71K,-1.29%
2022-07-20,153000.0,"155,500","158,000","151,000",183.30K,0.33%
2022-07-21,157000.0,"152,500","158,500","152,000",174.08K,2.61%
2022-07-22,167000.0,"158,500","170,000","157,000",519.05K,6.37%
2022-07-25,176500.0,"167,000","178,500","164,500",466.63K,5.69%
2022-07-26,172000.0,"177,000","178,000","171,000",334.45K,-2.55%
2022-07-27,167500.0,"171,000","173,000","167,000",219.03K,-2.62%
2022-07-28,169500.0,"169,000","173,000","164,000",335.01K,1.19%
2022-07-29,175500.0,"172,500","179,500","170,500",340.09K,3.54%
2022-07-31,175500.0,"175,500","175,500","175,500",,0.00%
2022-08-01,173500.0,"176,000","188,000","172,500",510.20K,-1.14%
2022-08-02,165500.0,"174,000","174,000","161,000",519.88K,-4.61%
2022-08-03,170500.0,"166,000","173,500","164,000",329.86K,3.02%
2022-08-04,173500.0,"173,500","178,000","171,500",319.22K,1.76%
2022-08-05,175000.0,"174,000","176,000","171,000",134.25K,0.86%
2022-08-07,175000.0,"175,000","175,000","175,000",,0.00%
2022-08-08,177500.0,"175,500","179,000","174,000",152.43K,1.43%
2022-08-09,184000.0,"177,000","186,000","176,000",303.30K,3.66%
2022-08-10,177000.0,"184,500","186,000","176,000",237.49K,-3.80%
2022-08-11,180500.0,"181,000","181,500","177,500",165.42K,1.98%
2022-08-12,183000.0,"181,500","185,000","180,000",202.09K,1.39%
2022-08-15,183000.0,"183,000","183,000","183,000",,0.00%
2022-08-16,187000.0,"184,500","190,500","183,000",277.53K,2.19%
2022-08-17,186000.0,"187,000","190,000","183,500",230.82K,-0.53%
2022-08-18,188000.0,"183,500","189,500","180,000",233.56K,1.08%
2022-08-19,186500.0,"188,500","196,000","185,000",371.45K,-0.80%
2022-08-21,186500.0,"186,500","186,500","186,500",,0.00%
2022-08-22,184000.0,"183,000","187,000","181,000",165.14K,-1.34%
2022-08-23,172500.0,"182,000","182,500","172,000",355.54K,-6.25%
2022-08-24,176000.0,"173,000","176,500","169,000",195.59K,2.03%
2022-08-25,173500.0,"176,000","178,500","172,500",196.24K,-1.42%
2022-08-26,175500.0,"174,500","177,500","172,500",152.14K,1.15%
2022-08-28,175500.0,"175,500","175,500","175,500",,0.00%
2022-08-29,164500.0,"167,000","171,500","164,500",316.75K,-6.27%
2022-08-30,170000.0,"165,000","170,500","165,000",183.21K,3.34%
2022-08-31,181500.0,"168,000","183,000","167,000",480.35K,6.76%
2022-09-01,166500.0,"178,500","178,500","165,500",417.30K,-8.26%
2022-09-02,168500.0,"168,000","174,000","167,000",238.62K,1.20%
2022-09-04,168500.0,"168,500","168,500","168,500",,0.00%
2022-09-05,167500.0,"167,000","175,000","167,000",187.57K,-0.59%
2022-09-06,160500.0,"168,000","170,000","160,000",300.01K,-4.18%
2022-09-07,158000.0,"158,500","161,000","155,000",239.65K,-1.56%
2022-09-08,158000.0,"158,000","161,000","157,500",160.49K,0.00%
2022-09-13,162000.0,"161,000","165,000","160,500",197.19K,2.53%
2022-09-14,158500.0,"154,500","160,000","153,500",171.68K,-2.16%
2022-09-15,155500.0,"158,500","159,000","154,500",141.47K,-1.89%
2022-09-16,154000.0,"155,500","158,000","153,500",119.97K,-0.96%
2022-09-18,154000.0,"154,000","154,000","154,000",,0.00%
2022-09-19,157500.0,"158,000","164,000","156,500",291.89K,2.27%
2022-09-20,157500.0,"158,500","161,500","157,000",116.28K,0.00%
2022-09-21,155500.0,"156,500","159,500","153,500",130.62K,-1.27%
2022-09-22,149000.0,"152,000","153,000","146,000",197.27K,-4.18%
2022-09-23,144000.0,"147,000","149,000","143,000",144.09K,-3.36%
2022-09-25,144000.0,"144,000","144,000","144,000",,0.00%
2022-09-26,141000.0,"141,000","145,500","138,500",204.30K,-2.08%
2022-09-27,140000.0,"140,500","142,000","137,000",218.84K,-0.71%
2022-09-28,130000.0,"138,000","139,000","129,000",321.07K,-7.14%
2022-09-29,132000.0,"131,500","137,000","130,500",217.19K,1.54%
2022-09-30,135000.0,"130,000","136,000","129,500",172.87K,2.27%
2022-10-04,134500.0,"137,000","138,000","134,000",135.20K,-0.37%
2022-10-05,130000.0,"137,000","137,500","127,000",298.48K,-3.35%
2022-10-06,131000.0,"129,500","133,000","129,000",151.17K,0.77%
2022-10-07,123000.0,"129,500","130,000","121,000",363.17K,-6.11%
2022-10-10,123000.0,"123,000","123,000","123,000",,0.00%
2022-10-11,118500.0,"119,000","120,500","114,500",324.78K,-3.66%
2022-10-12,114500.0,"116,500","118,500","111,000",418.75K,-3.38%
2022-10-13,109500.0,"113,000","114,000","107,000",393.44K,-4.37%
2022-10-14,118000.0,"111,500","119,000","111,500",435.20K,7.76%
2022-10-16,118000.0,"118,000","118,000","118,000",,0.00%
2022-10-17,115000.0,"113,500","117,000","109,500",338.00K,-2.54%
2022-10-18,120500.0,"116,500","124,000","115,500",559.11K,4.78%
2022-10-19,118500.0,"121,500","125,000","118,000",237.11K,-1.66%
2022-10-20,113000.0,"118,500","119,000","111,500",308.71K,-4.64%
2022-10-21,112500.0,"111,000","113,000","108,500",215.91K,-0.44%
2022-10-23,112500.0,"112,500","112,500","112,500",,0.00%
2022-10-24,113000.0,"114,500","116,500","112,500",152.30K,0.44%
2022-10-25,118000.0,"114,500","119,000","113,500",179.24K,4.42%
2022-10-26,115000.0,"118,000","119,500","115,000",119.53K,-2.54%
2022-10-27,119000.0,"117,000","121,000","116,500",146.66K,3.48%
2022-10-28,119000.0,"119,000","123,500","118,000",158.11K,0.00%
2022-10-30,119000.0,"119,000","119,000","119,000",,0.00%
2022-10-31,121000.0,"121,500","123,000","118,500",146.96K,1.68%
2022-11-01,122000.0,"121,000","124,000","120,000",140.47K,0.83%
2022-11-02,127000.0,"121,000","129,000","119,500",201.21K,4.10%
2022-11-03,124500.0,"123,500","129,000","120,500",275.54K,-1.97%
2022-11-04,122500.0,"122,500","124,000","119,500",162.64K,-1.61%
2022-11-06,122500.0,"122,500","122,500","122,500",,0.00%
2022-11-07,123500.0,"121,500","125,500","121,500",73.22K,0.82%
2022-11-08,129500.0,"125,500","129,500","123,500",173.67K,4.86%
2022-11-09,130500.0,"131,000","133,000","129,500",167.11K,0.77%
2022-11-10,126500.0,"126,000","130,000","126,000",160.97K,-3.07%
2022-11-11,141000.0,"133,500","144,000","133,000",412.09K,11.46%
2022-11-14,135500.0,"139,500","141,000","135,000",185.46K,-3.90%
2022-11-15,138000.0,"134,500","139,000","134,500",104.95K,1.85%
2022-11-16,140500.0,"140,000","142,500","138,000",162.85K,1.81%
2022-11-17,143000.0,"140,000","147,000","140,000",209.46K,1.78%
2022-11-18,137000.0,"143,000","146,000","137,000",145.47K,-4.20%
2022-11-21,137500.0,"139,500","143,000","135,500",166.35K,0.36%
2022-11-22,132000.0,"136,500","138,500","131,500",108.13K,-4.00%
2022-11-23,141000.0,"135,000","143,500","134,500",201.45K,6.82%
2022-11-24,143000.0,"142,000","144,000","139,000",134.73K,1.42%
2022-11-25,139000.0,"142,000","144,000","138,500",137.29K,-2.80%
2022-11-28,138000.0,"139,000","140,000","135,500",113.29K,-0.72%
2022-11-29,144000.0,"137,000","146,000","137,000",168.36K,4.35%
2022-11-30,143000.0,"143,500","144,500","140,500",124.89K,-0.69%
2022-12-01,153500.0,"147,000","156,000","145,500",393.14K,7.34%
2022-12-02,151000.0,"153,500","154,000","150,000",151.89K,-1.63%
2022-12-05,152000.0,"151,500","155,500","150,500",172.30K,0.66%
2022-12-06,145000.0,"150,500","150,500","145,000",165.92K,-4.61%
2022-12-07,145000.0,"144,500","149,000","143,000",113.18K,0.00%
2022-12-08,145000.0,"145,500","147,500","141,500",128.11K,0.00%
2022-12-09,156500.0,"147,500","158,500","147,000",402.17K,7.93%
2022-12-11,156500.0,"156,500","156,500","156,500",,0.00%
2022-12-12,157000.0,"155,000","162,500","154,000",247.87K,0.32%
2022-12-13,155500.0,"157,500","159,000","154,500",179.20K,-0.96%
2022-12-14,163000.0,"156,500","164,500","156,500",261.65K,4.82%
2022-12-15,157500.0,"161,500","165,000","155,500",236.59K,-3.37%
2022-12-16,164000.0,"153,500","166,500","153,000",318.50K,4.13%
2022-12-18,164000.0,"164,000","164,000","164,000",,0.00%
2022-12-19,167000.0,"164,500","169,000","162,000",202.11K,1.83%
2022-12-20,162500.0,"167,000","168,500","161,000",166.18K,-2.69%
2022-12-21,169000.0,"165,000","169,000","160,500",228.49K,4.00%
2022-12-22,175000.0,"169,500","177,000","169,000",340.31K,3.55%
2022-12-23,175000.0,"173,000","179,500","172,500",281.93K,0.00%
2022-12-25,175000.0,"175,000","175,000","175,000",,0.00%
2022-12-26,171500.0,"173,500","174,500","169,000",190.08K,-2.00%
2022-12-27,170500.0,"173,000","175,000","168,000",201.51K,-0.58%
2022-12-28,170000.0,"170,000","171,500","166,500",174.31K,-0.29%
2022-12-29,173500.0,"168,000","175,500","168,000",193.76K,2.06%
2023-01-02,169500.0,"174,500","176,000","166,500",182.35K,-2.31%
2023-01-03,176500.0,"170,000","182,000","170,000",522.01K,4.13%
2023-01-04,171500.0,"176,500","177,000","169,000",250.02K,-2.83%
2023-01-05,172000.0,"172,000","177,000","171,000",171.82K,0.29%
2023-01-06,168000.0,"170,000","172,000","160,500",492.71K,-2.33%
2023-01-08,168000.0,"168,000","168,000","168,000",,0.00%
2023-01-09,173500.0,"170,500","176,500","170,500",204.37K,3.27%
2023-01-10,170500.0,"173,500","175,000","169,500",178.41K,-1.73%
2023-01-11,174500.0,"172,000","176,000","167,000",199.86K,2.35%
2023-01-12,173000.0,"174,500","177,000","171,500",166.60K,-0.86%
2023-01-13,174500.0,"174,000","177,500","173,000",144.84K,0.87%
2023-01-15,174500.0,"174,500","174,500","174,500",,0.00%
2023-01-16,178500.0,"173,500","179,000","173,000",222.25K,2.29%
2023-01-17,177000.0,"178,500","180,500","176,000",166.60K,-0.84%
2023-01-18,179000.0,"177,500","182,000","176,000",211.55K,1.13%
2023-01-19,188000.0,"179,500","189,000","179,500",398.11K,5.03%
2023-01-20,187000.0,"187,500","191,000","186,000",180.09K,-0.53%
2023-01-24,187000.0,"187,000","187,000","187,000",,0.00%
2023-01-25,186400.0,"188,000","188,500","185,000",152.40K,-0.32%
2023-01-26,190400.0,"187,000","194,200","186,200",291.75K,2.15%
2023-01-27,194000.0,"192,200","194,800","189,000",189.97K,1.89%
2023-01-29,194000.0,"194,000","194,000","194,000",,0.00%
2023-01-30,188900.0,"194,900","196,000","187,700",217.93K,-2.63%
2023-01-31,191700.0,"186,100","193,500","185,700",245.03K,1.48%
2023-02-01,189500.0,"189,500","191,500","188,500",127.69K,-1.15%
2023-02-02,187900.0,"189,700","192,000","187,300",186.94K,-0.84%
2023-02-03,195600.0,"187,900","197,200","187,100",285.26K,4.10%
2023-02-05,195600.0,"195,600","195,600","195,600",,0.00%
2023-02-06,188800.0,"195,400","195,500","188,800",205.08K,-3.48%
2023-02-07,189500.0,"188,800","190,600","184,300",239.06K,0.37%
2023-02-08,197600.0,"189,600","200,000","189,600",419.69K,4.27%
2023-02-09,198300.0,"198,000","205,500","196,800",322.68K,0.35%
2023-02-10,195300.0,"212,500","218,500","193,800",2.10M,-1.51%
2023-02-12,195300.0,"195,300","195,300","195,300",,0.00%
2023-02-13,189000.0,"204,000","204,500","188,800",725.51K,-3.23%
2023-02-14,202000.0,"191,300","203,000","189,900",855.65K,6.88%
2023-02-15,197200.0,"199,900","201,500","192,500",571.21K,-2.38%
2023-02-16,190500.0,"194,100","196,200","189,800",576.25K,-3.40%
2023-02-17,182000.0,"189,400","189,400","179,900",558.08K,-4.46%
2023-02-19,182000.0,"182,000","182,000","182,000",,0.00%
2023-02-20,184500.0,"181,000","188,100","181,000",325.92K,1.37%
2023-02-21,182100.0,"183,800","184,500","180,900",170.43K,-1.30%
2023-02-22,187700.0,"183,900","192,900","183,800",603.00K,3.08%
2023-02-23,187700.0,"192,000","192,100","187,600",227.15K,0.00%
2023-02-24,183200.0,"187,600","188,200","182,700",226.03K,-2.40%
2023-02-26,183200.0,"183,200","183,200","183,200",,0.00%
2023-02-27,182400.0,"181,000","185,200","178,100",291.26K,-0.44%
2023-02-28,185100.0,"184,000","190,000","183,000",349.43K,1.48%
2023-03-01,185100.0,"185,100","185,100","185,100",,0.00%
2023-03-02,187000.0,"185,100","189,900","182,500",207.74K,1.03%
2023-03-03,187400.0,"185,200","188,900","185,200",114.56K,0.21%
2023-03-05,187400.0,"187,400","187,400","187,400",,0.00%
2023-03-06,191800.0,"194,200","195,900","189,400",353.05K,2.35%
2023-03-07,188500.0,"186,900","191,000","184,000",306.58K,-1.72%
2023-03-08,177200.0,"188,500","189,900","175,400",472.29K,-5.99%
2023-03-09,176500.0,"177,800","179,500","174,800",212.59K,-0.40%
2023-03-10,183700.0,"174,100","189,800","173,900",503.18K,4.08%
2023-03-12,183700.0,"183,700","183,700","183,700",,0.00%
2023-03-13,189600.0,"185,600","196,600","182,600",847.79K,3.21%
2023-03-14,173700.0,"187,700","189,300","173,000",426.16K,-8.39%
2023-03-15,173500.0,"176,400","176,400","170,300",241.72K,-0.12%
2023-03-16,176500.0,"172,000","178,000","171,000",233.99K,1.73%
2023-03-17,179400.0,"176,600","183,100","176,500",200.68K,1.64%
2023-03-19,179400.0,"179,400","179,400","179,400",,0.00%
2023-03-20,184000.0,"179,300","188,000","179,300",230.81K,2.56%
2023-03-21,189600.0,"186,500","191,300","186,100",286.28K,3.04%
2023-03-22,190300.0,"189,200","191,200","188,100",125.10K,0.37%
2023-03-23,188400.0,"190,000","191,000","185,400",179.74K,-1.00%
2023-03-24,187500.0,"187,000","190,600","184,800",158.69K,-0.48%
2023-03-26,187500.0,"187,500","187,500","187,500",,0.00%
2023-03-27,182100.0,"186,400","188,600","177,900",235.24K,-2.88%
2023-03-28,187300.0,"181,400","187,800","178,900",195.35K,2.86%
2023-03-29,190100.0,"186,000","191,300","186,000",169.30K,1.49%
2023-03-30,188000.0,"189,900","192,000","187,000",128.77K,-1.10%
2023-03-31,188900.0,"189,000","191,300","185,300",137.11K,0.48%
2023-04-02,188900.0,"188,900","188,900","188,900",,0.00%
2023-04-03,184000.0,"188,000","189,500","183,700",140.49K,-2.59%
2023-04-04,190300.0,"184,900","190,900","184,500",190.86K,3.42%
2023-04-05,190700.0,"190,200","191,300","188,200",113.99K,0.21%
2023-04-06,205000.0,"190,300","212,500","190,300",859.22K,7.50%
2023-04-07,217000.0,"206,000","219,000","200,500",491.83K,5.85%
2023-04-09,217000.0,"217,000","217,000","217,000",,0.00%
2023-04-10,222000.0,"218,500","223,000","215,000",264.38K,2.30%
2023-04-11,224500.0,"222,500","227,000","216,000",222.84K,1.13%
2023-04-12,235500.0,"223,500","237,000","222,500",319.78K,4.90%
2023-04-13,245000.0,"238,000","249,500","231,500",510.68K,4.03%
2023-04-14,259000.0,"246,000","263,000","245,500",622.92K,5.71%
2023-04-16,259000.0,"259,000","259,000","259,000",,0.00%
2023-04-17,260000.0,"265,000","270,000","254,500",346.88K,0.39%
2023-04-18,258500.0,"262,000","270,000","256,500",245.46K,-0.58%
2023-04-19,251500.0,"260,500","261,500","249,500",238.59K,-2.71%
2023-04-20,257000.0,"250,500","267,000","242,500",433.64K,2.19%
2023-04-21,250000.0,"255,500","258,500","243,500",230.28K,-2.72%
2023-04-23,250000.0,"250,000","250,000","250,000",,0.00%
2023-04-24,259000.0,"250,000","262,000","247,500",269.62K,3.60%
2023-04-25,260500.0,"261,000","265,000","257,000",191.58K,0.58%
2023-04-26,265000.0,"260,000","270,000","259,500",265.37K,1.73%
2023-04-27,264000.0,"265,000","269,000","259,500",174.15K,-0.38%
2023-04-28,270000.0,"264,000","277,000","263,000",246.96K,2.27%
2023-05-01,270000.0,"270,000","270,000","270,000",,0.00%
2023-05-02,284500.0,"270,500","285,000","269,000",444.69K,5.37%
2023-05-03,294500.0,"285,500","303,000","285,000",571.17K,3.51%
2023-05-04,292500.0,"295,000","298,000","284,000",256.90K,-0.68%
2023-05-07,292500.0,"292,500","292,500","292,500",,0.00%
2023-05-08,279000.0,"290,000","294,500","276,000",307.24K,-4.62%
2023-05-09,277500.0,"278,000","283,000","273,000",181.64K,-0.54%
2023-05-10,279500.0,"277,500","282,500","271,000",170.87K,0.72%
2023-05-11,277500.0,"281,000","282,000","269,000",205.80K,-0.72%
2023-05-12,282000.0,"280,500","287,500","277,500",242.61K,1.62%
2023-05-14,282000.0,"282,000","282,000","282,000",,0.00%
2023-05-15,278500.0,"280,000","289,500","276,500",156.03K,-1.24%
2023-05-16,284000.0,"279,000","288,000","276,500",296.31K,1.97%
2023-05-17,292000.0,"285,000","295,000","282,500",371.43K,2.82%
2023-05-18,286000.0,"292,500","294,000","284,500",159.24K,-2.05%
2023-05-19,281000.0,"286,000","288,500","276,500",204.33K,-1.75%
2023-05-21,281000.0,"281,000","281,000","281,000",,0.00%
2023-05-22,269000.0,"281,000","281,000","261,000",481.66K,-4.27%
2023-05-23,273000.0,"271,000","273,500","267,500",205.41K,1.49%
2023-05-24,267500.0,"278,000","278,500","263,500",306.20K,-2.01%
2023-05-25,267000.0,"263,000","272,000","262,500",181.93K,-0.19%
2023-05-26,270000.0,"264,500","272,000","263,000",191.61K,1.12%
2023-05-30,276000.0,"270,500","278,500","265,500",197.64K,2.22%
2023-05-31,274000.0,"272,500","279,000","270,000",250.27K,-0.72%
2023-06-01,277500.0,"274,000","283,000","272,500",272.95K,1.28%
2023-06-02,270000.0,"276,000","278,000","263,500",379.28K,-2.70%
2023-06-04,270000.0,"270,000","270,000","270,000",,0.00%
2023-06-05,265000.0,"270,000","271,000","264,000",163.30K,-1.85%
2023-06-07,269000.0,"265,000","272,000","265,000",174.23K,1.51%
2023-06-08,268000.0,"267,500","271,000","265,000",150.81K,-0.37%
2023-06-09,280500.0,"270,500","286,500","269,000",429.18K,4.66%
2023-06-11,280500.0,"280,500","280,500","280,500",,0.00%
2023-06-12,294000.0,"284,500","295,000","281,000",385.89K,4.81%
2023-06-13,294000.0,"294,500","296,500","289,000",208.15K,0.00%
2023-06-14,292000.0,"295,000","307,500","288,500",446.62K,-0.68%
2023-06-15,300500.0,"296,000","302,500","295,500",328.55K,2.91%
2023-06-16,297500.0,"302,500","303,000","295,000",211.70K,-1.00%
2023-06-18,297500.0,"297,500","297,500","297,500",,0.00%
2023-06-19,300500.0,"298,500","306,500","295,000",220.82K,1.01%
2023-06-20,300500.0,"299,500","303,500","298,000",220.99K,0.00%
2023-06-21,296500.0,"300,500","303,500","294,500",233.05K,-1.33%
2023-06-22,307000.0,"295,000","312,500","291,000",559.17K,3.54%
2023-06-23,301000.0,"307,000","308,500","297,500",244.04K,-1.95%
2023-06-25,301000.0,"301,000","301,000","301,000",,0.00%
2023-06-26,298000.0,"299,000","303,500","296,000",124.03K,-1.00%
2023-06-27,292000.0,"298,500","298,500","285,500",288.32K,-2.01%
2023-06-28,285000.0,"294,500","294,500","284,000",165.28K,-2.40%
2023-06-29,279500.0,"284,000","291,000","278,000",186.24K,-1.93%
2023-06-30,281500.0,"280,500","284,500","276,000",204.97K,0.72%
2023-07-02,281500.0,"281,500","281,500","281,500",,0.00%
2023-07-03,279500.0,"282,500","284,500","273,000",262.37K,-0.71%
2023-07-04,286000.0,"280,500","291,000","276,500",325.21K,2.33%
2023-07-05,280500.0,"284,500","285,000","276,000",224.61K,-1.92%
2023-07-06,279500.0,"280,500","284,500","276,000",212.77K,-0.36%
2023-07-07,286000.0,"280,000","289,500","280,000",276.51K,2.33%
2023-07-09,286000.0,"286,000","286,000","286,000",,0.00%
2023-07-10,267000.0,"286,000","288,000","264,000",561.16K,-6.64%
2023-07-11,270000.0,"267,000","273,500","266,500",253.32K,1.12%
2023-07-12,263000.0,"272,000","272,500","261,500",300.29K,-2.59%
2023-07-13,259000.0,"264,500","264,500","250,500",725.84K,-1.52%
2023-07-14,256500.0,"261,500","263,500","254,000",283.13K,-0.97%
2023-07-16,256500.0,"256,500","256,500","256,500",,0.00%
2023-07-17,264500.0,"259,500","270,500","258,500",411.10K,3.12%
2023-07-18,264500.0,"268,500","270,000","263,000",210.06K,0.00%
2023-07-19,263500.0,"266,500","266,500","255,000",207.27K,-0.38%
2023-07-20,269000.0,"264,000","272,500","260,500",249.69K,2.09%
2023-07-21,256500.0,"267,500","268,000","255,000",455.73K,-4.65%
2023-07-23,256500.0,"256,500","256,500","256,500",,0.00%
2023-07-24,262000.0,"256,500","265,000","256,000",309.93K,2.14%
2023-07-25,271000.0,"264,000","278,500","262,000",515.14K,3.44%
2023-07-26,257000.0,"274,500","274,500","257,000",402.19K,-5.17%
2023-07-27,261500.0,"258,000","266,500","258,000",262.26K,1.75%
2023-07-28,258500.0,"259,000","264,500","254,000",181.27K,-1.15%
2023-07-31,262500.0,"259,500","264,000","258,000",182.87K,1.55%
2023-08-01,254000.0,"261,000","261,500","250,500",378.48K,-3.24%
2023-08-02,252000.0,"251,500","258,500","248,000",241.64K,-0.79%
2023-08-03,248000.0,"253,500","256,500","246,000",219.62K,-1.59%
2023-08-04,272000.0,"249,000","272,000","249,000",631.09K,9.68%
2023-08-06,272000.0,"272,000","272,000","272,000",,0.00%
2023-08-07,274500.0,"268,000","277,500","267,500",341.94K,0.92%
2023-08-08,272000.0,"277,500","290,500","259,000",1.04M,-0.91%
2023-08-09,259500.0,"266,000","266,500","254,000",542.13K,-4.60%
2023-08-10,256500.0,"260,500","263,500","252,500",396.09K,-1.16%
2023-08-11,255000.0,"256,500","257,500","251,000",206.91K,-0.58%
2023-08-13,255000.0,"255,000","255,000","255,000",,0.00%
2023-08-14,252000.0,"250,000","255,000","249,000",201.05K,-1.18%
2023-08-15,252000.0,"252,000","252,000","252,000",,0.00%
2023-08-16,241000.0,"251,500","253,000","241,000",300.67K,-4.37%
2023-08-17,239500.0,"240,500","243,000","233,000",259.11K,-0.62%
2023-08-18,236500.0,"236,500","241,500","235,500",178.22K,-1.25%
2023-08-20,236500.0,"236,500","236,500","236,500",,0.00%
2023-08-21,238500.0,"236,500","241,500","236,500",141.10K,0.85%
2023-08-22,236000.0,"240,000","240,500","236,000",142.27K,-1.05%
2023-08-23,234000.0,"240,500","244,000","232,500",189.24K,-0.85%
2023-08-24,232500.0,"232,500","236,000","231,500",154.49K,-0.64%
2023-08-25,237000.0,"229,500","238,500","229,000",143.61K,1.94%
2023-08-27,237000.0,"237,000","237,000","237,000",,0.00%
2023-08-28,244500.0,"237,000","245,000","234,500",157.86K,3.16%
2023-08-29,251000.0,"247,000","251,500","240,000",225.89K,2.66%
2023-08-30,245500.0,"252,000","253,500","245,500",170.98K,-2.19%
2023-08-31,252500.0,"246,000","254,500","245,500",239.62K,2.85%
2023-09-01,249000.0,"252,000","255,000","249,000",166.81K,-1.39%
2023-09-03,249000.0,"249,000","249,000","249,000",,0.00%
2023-09-04,250500.0,"249,000","255,000","245,000",108.73K,0.60%
2023-09-05,251000.0,"251,000","252,500","248,000",83.73K,0.20%
2023-09-06,249500.0,"251,000","252,500","247,000",78.52K,-0.60%
2023-09-07,245500.0,"247,000","252,000","243,000",129.84K,-1.60%
2023-09-08,245500.0,"245,500","248,000","241,000",135.20K,0.00%
2023-09-10,245500.0,"245,500","245,500","245,500",,0.00%
2023-09-11,244500.0,"244,500","246,000","238,500",123.99K,-0.41%
2023-09-12,247500.0,"245,000","253,000","242,000",163.66K,1.23%
2023-09-13,242000.0,"246,500","248,000","240,000",156.47K,-2.22%
2023-09-14,246000.0,"244,000","247,000","240,500",142.88K,1.65%
2023-09-15,244500.0,"244,500","246,500","240,000",136.84K,-0.61%
2023-09-17,244500.0,"244,500","244,500","244,500",,0.00%
2023-09-18,241500.0,"243,500","247,000","241,000",145.18K,-1.23%
2023-09-19,245000.0,"240,500","245,500","239,500",116.08K,1.45%
2023-09-20,243000.0,"243,000","246,000","237,000",196.29K,-0.82%
2023-09-21,230500.0,"243,000","243,000","230,000",358.64K,-5.14%
2023-09-22,230500.0,"227,000","235,000","223,000",171.62K,0.00%
2023-09-24,230500.0,"230,500","230,500","230,500",,0.00%
2023-09-25,242500.0,"226,500","244,000","226,500",303.44K,5.21%
2023-09-26,242500.0,"240,000","246,000","238,500",131.83K,0.00%
2023-09-27,238000.0,"239,500","240,500","236,000",130.50K,-1.86%
2023-10-03,238000.0,"238,000","238,000","238,000",,0.00%
2023-10-04,222500.0,"236,500","237,000","221,000",267.65K,-6.51%
2023-10-05,227000.0,"225,500","233,000","224,000",151.69K,2.02%
2023-10-06,229000.0,"227,000","235,500","227,000",117.88K,0.88%
2023-10-09,229000.0,"229,000","229,000","229,000",,0.00%
2023-10-10,223500.0,"232,500","235,000","222,500",169.92K,-2.40%
2023-10-11,228500.0,"227,000","231,500","226,000",135.43K,2.24%
2023-10-12,246000.0,"231,500","246,500","230,000",307.33K,7.66%
2023-10-13,244500.0,"244,000","247,500","242,000",126.17K,-0.61%
2023-10-15,244500.0,"244,500","244,500","244,500",,0.00%
2023-10-16,240000.0,"243,000","243,000","238,000",106.18K,-1.84%
2023-10-17,237500.0,"243,000","245,000","237,000",122.46K,-1.04%
2023-10-18,234000.0,"236,500","240,000","233,500",85.88K,-1.47%
2023-10-19,227500.0,"230,000","233,500","227,000",115.37K,-2.78%
2023-10-20,224500.0,"224,000","228,000","222,000",129.27K,-1.32%
2023-10-22,224500.0,"224,500","224,500","224,500",,0.00%
2023-10-23,229000.0,"224,500","234,500","224,500",140.50K,2.00%
2023-10-24,231500.0,"232,500","235,500","226,000",105.51K,1.09%
2023-10-25,228500.0,"233,000","235,500","227,000",140.03K,-1.30%
2023-10-26,204000.0,"221,500","222,000","202,000",880.61K,-10.72%
2023-10-27,212000.0,"210,000","218,500","209,000",310.81K,3.92%
2023-10-29,212000.0,"212,000","212,000","212,000",,0.00%
2023-10-30,219500.0,"210,000","222,000","210,000",143.56K,3.54%
2023-10-31,219500.0,"223,500","225,500","216,000",130.46K,0.00%
2023-11-01,230500.0,"220,000","231,000","214,000",258.71K,5.01%
2023-11-02,227500.0,"235,000","243,000","220,500",604.15K,-1.30%
2023-11-03,216000.0,"231,500","231,500","213,000",444.60K,-5.05%
2023-11-06,227500.0,"222,500","227,500","217,000",347.27K,5.32%
2023-11-07,215500.0,"212,000","220,000","208,000",1.19M,-5.27%
2023-11-08,216500.0,"219,000","223,500","214,500",453.92K,0.46%
2023-11-09,212000.0,"216,000","217,000","206,500",538.84K,-2.08%
2023-11-10,212000.0,"209,500","214,000","209,000",330.42K,0.00%
2023-11-13,202500.0,"214,000","217,000","202,500",401.85K,-4.48%
2023-11-14,204500.0,"204,500","207,500","201,500",208.33K,0.99%
2023-11-15,211000.0,"209,500","211,500","206,000",288.73K,3.18%
2023-11-16,205500.0,"212,500","212,500","205,500",198.59K,-2.61%
2023-11-17,190300.0,"205,500","207,500","188,400",845.65K,-7.40%
2023-11-19,190300.0,"190,300","190,300","190,300",,0.00%
2023-11-20,193400.0,"190,400","195,500","190,300",378.13K,1.63%
2023-11-21,199200.0,"193,400","201,000","193,400",286.19K,3.00%
2023-11-22,200000.0,"199,200","202,500","197,100",170.70K,0.40%
2023-11-23,212000.0,"199,000","212,000","199,000",432.13K,6.00%
2023-11-24,210500.0,"210,000","212,500","207,000",161.35K,-0.71%
2023-11-26,210500.0,"210,500","210,500","210,500",,0.00%
2023-11-27,212000.0,"212,500","213,000","207,000",165.35K,0.71%
2023-11-28,213000.0,"213,000","214,000","210,000",156.04K,0.47%
2023-11-29,215000.0,"213,000","215,500","211,500",152.36K,0.94%
2023-11-30,215500.0,"213,500","215,500","207,500",321.90K,0.23%
2023-12-01,211500.0,"214,500","221,000","211,000",227.28K,-1.86%
2023-12-03,211500.0,"211,500","211,500","211,500",,0.00%
2023-12-04,209000.0,"210,500","212,500","208,000",137.44K,-1.18%
2023-12-05,213000.0,"208,000","216,500","207,500",208.90K,1.91%
2023-12-06,228500.0,"215,500","231,000","213,500",622.08K,7.28%
2023-12-07,228500.0,"226,000","230,500","221,500",210.53K,0.00%
2023-12-08,237500.0,"227,000","239,500","225,000",317.18K,3.94%
2023-12-10,237500.0,"237,500","237,500","237,500",,0.00%
2023-12-11,238000.0,"237,500","240,000","235,000",163.04K,0.21%
2023-12-12,234000.0,"236,000","238,000","229,500",188.78K,-1.68%
2023-12-13,233500.0,"233,500","236,000","227,000",185.20K,-0.21%
2023-12-14,233000.0,"236,500","245,500","232,500",485.94K,-0.21%
2023-12-15,238500.0,"235,000","241,500","232,000",209.03K,2.36%
2023-12-18,241500.0,"237,500","242,000","236,500",156.06K,1.26%
2023-12-19,239000.0,"242,000","248,500","238,000",192.65K,-1.04%
2023-12-20,234500.0,"241,000","241,000","231,000",186.53K,-1.88%
2023-12-21,230500.0,"231,500","234,000","229,000",148.14K,-1.71%
2023-12-22,230000.0,"232,000","235,500","229,500",123.13K,-0.22%
2023-12-25,230000.0,"230,000","230,000","230,000",,0.00%
2023-12-26,226500.0,"230,500","231,000","223,500",137.47K,-1.52%
2023-12-27,231500.0,"227,500","233,500","225,500",116.58K,2.21%
2023-12-28,233500.0,"233,500","234,500","230,000",100.18K,0.86%
2024-01-02,241500.0,"233,000","245,000","232,500",234.26K,3.43%
2024-01-03,239500.0,"238,000","243,000","236,500",144.62K,-0.83%
2024-01-04,240500.0,"238,000","244,500","237,000",162.24K,0.42%
2024-01-05,252000.0,"242,500","257,000","242,500",376.87K,4.78%
2024-01-07,252000.0,"252,000","252,000","252,000",,0.00%
2024-01-08,251000.0,"251,000","255,000","248,500",169.33K,-0.40%
2024-01-09,248000.0,"252,500","253,500","245,500",192.06K,-1.20%
2024-01-10,250500.0,"248,000","253,500","244,000",172.67K,1.01%
2024-01-11,256000.0,"252,500","261,000","250,500",332.17K,2.20%
2024-01-12,247000.0,"257,000","260,000","244,500",195.81K,-3.52%
2024-01-14,247000.0,"247,000","247,000","247,000",,0.00%
2024-01-15,233500.0,"247,000","249,500","232,500",305.59K,-5.47%
2024-01-16,228500.0,"233,500","236,000","227,000",243.21K,-2.14%
2024-01-17,223500.0,"230,000","232,500","219,000",233.37K,-2.19%
2024-01-18,219500.0,"222,000","225,500","217,500",208.50K,-1.79%
2024-01-19,220000.0,"221,500","225,000","217,500",176.48K,0.23%
2024-01-21,220000.0,"220,000","220,000","220,000",,0.00%
2024-01-22,216000.0,"221,500","222,000","212,500",185.90K,-1.82%
2024-01-23,219000.0,"216,500","224,000","216,500",167.38K,1.39%
2024-01-24,222000.0,"220,000","224,000","217,000",107.83K,1.37%
2024-01-25,216000.0,"221,500","222,500","209,500",260.14K,-2.70%
2024-01-26,216500.0,"216,000","221,500","215,000",98.47K,0.23%
2024-01-28,216500.0,"216,500","216,500","216,500",,0.00%
2024-01-29,204500.0,"216,500","218,000","204,000",330.09K,-5.54%
2024-01-30,204500.0,"207,000","208,000","203,500",131.22K,0.00%
2024-01-31,201500.0,"201,500","206,000","200,000",140.06K,-1.47%
2024-02-01,199000.0,"200,500","203,000","195,800",269.11K,-1.24%
2024-02-02,205500.0,"201,000","209,000","200,000",242.95K,3.27%
2024-02-04,205500.0,"205,500","205,500","205,500",,0.00%
2024-02-05,199000.0,"204,000","204,500","198,300",207.53K,-3.16%
2024-02-06,196500.0,"199,000","201,500","196,300",167.11K,-1.26%
2024-02-07,197400.0,"197,400","199,600","195,500",154.14K,0.46%
2024-02-08,200000.0,"197,700","202,000","197,000",181.15K,1.32%
2024-02-12,200000.0,"200,000","200,000","200,000",,0.00%
2024-02-13,205500.0,"203,000","206,000","200,000",181.15K,2.75%
2024-02-14,218500.0,"203,000","223,000","200,500",402.26K,6.33%
2024-02-15,219000.0,"220,500","223,000","215,000",162.72K,0.23%
2024-02-16,208500.0,"221,000","221,500","206,500",268.12K,-4.79%
2024-02-18,208500.0,"208,500","208,500","208,500",,0.00%
2024-02-19,204000.0,"208,500","211,000","202,500",249.26K,-2.16%
2024-02-20,204000.0,"203,500","206,500","199,900",149.57K,0.00%
2024-02-21,210000.0,"204,500","213,500","204,500",269.84K,2.94%
2024-02-22,217500.0,"212,000","221,500","210,000",348.02K,3.57%
2024-02-23,215500.0,"217,500","221,000","215,000",160.77K,-0.92%
2024-02-25,215500.0,"215,500","215,500","215,500",,0.00%
2024-02-26,217500.0,"217,500","219,000","212,000",133.63K,0.93%
2024-02-27,202000.0,"212,000","212,500","200,500",552.41K,-7.13%
2024-02-28,202000.0,"202,500","205,000","200,500",163.77K,0.00%
2024-02-29,199100.0,"201,000","201,500","199,000",240.51K,-1.44%
2024-03-03,199100.0,"199,100","199,100","199,100",,0.00%
2024-03-04,192700.0,"199,200","202,000","192,300",362.78K,-3.21%
2024-03-05,188600.0,"192,700","193,000","188,000",357.35K,-2.13%
2024-03-06,187500.0,"188,600","190,600","186,500",201.72K,-0.58%
2024-03-07,185900.0,"187,500","188,400","183,000",239.93K,-0.85%
2024-03-08,194600.0,"187,800","198,000","187,800",420.57K,4.68%
2024-03-10,194600.0,"194,600","194,600","194,600",,0.00%
2024-03-11,203000.0,"194,600","203,500","193,000",341.86K,4.32%
2024-03-12,204500.0,"203,500","205,000","199,800",178.22K,0.74%
2024-03-13,201500.0,"204,500","205,000","200,000",125.97K,-1.47%
2024-03-14,200000.0,"201,000","204,000","199,500",199.70K,-0.74%
2024-03-15,199000.0,"199,000","200,000","196,600",110.48K,-0.50%
2024-03-17,199000.0,"199,000","199,000","199,000",0.00K,0.00%
2024-03-18,197400.0,"200,000","200,500","197,000",98.26K,-0.80%
2024-03-19,192700.0,"197,300","197,300","191,200",188.63K,-2.38%
2024-03-20,193300.0,"193,400","195,900","191,300",104.48K,0.31%
2024-03-21,195200.0,"195,200","199,200","194,500",181.77K,0.98%
2024-03-22,195800.0,"194,000","196,600","192,000",162.32K,0.31%
2024-03-25,207000.0,"195,800","208,500","195,800",365.65K,5.72%
2024-03-26,209500.0,"207,000","213,000","204,000",311.96K,1.21%
2024-03-27,224000.0,"212,500","228,500","211,500",876.34K,6.92%
2024-03-28,229000.0,"226,500","232,000","222,500",478.48K,2.23%
2024-03-29,230000.0,"230,500","233,000","224,000",231.87K,0.44%
2024-04-01,226500.0,"233,500","236,000","223,500",247.22K,-1.52%
2024-04-02,222500.0,"223,500","226,000","216,000",271.19K,-1.77%
2024-04-03,224000.0,"220,500","228,500","220,000",182.47K,0.67%
2024-04-04,221000.0,"225,000","225,500","220,500",172.84K,-1.34%
2024-04-05,224000.0,"220,000","228,000","218,500",202.62K,1.36%
2024-04-08,217000.0,"224,500","226,500","217,000",186.52K,-3.13%
2024-04-09,216500.0,"218,500","224,500","216,000",109.16K,-0.23%
2024-04-11,216500.0,"213,500","217,000","207,500",205.80K,0.00%
2024-04-12,213000.0,"214,500","220,000","211,500",168.93K,-1.62%
2024-04-15,214500.0,"210,500","215,500","208,000",103.93K,0.70%
2024-04-16,223000.0,"214,500","223,000","212,000",237.86K,3.96%
2024-04-17,219000.0,"220,500","225,000","219,000",168.10K,-1.79%
2024-04-18,228500.0,"220,000","230,500","220,000",259.81K,4.34%
2024-04-19,230500.0,"227,500","232,000","221,500",232.89K,0.88%
2024-04-22,212500.0,"233,500","238,500","206,000",1.03M,-7.81%
2024-04-23,210000.0,"209,000","212,500","202,500",1.09M,-1.18%
2024-04-24,211000.0,"210,500","214,500","209,000",575.02K,0.48%
2024-04-25,212000.0,"212,500","217,000","207,000",583.46K,0.47%
2024-04-26,201500.0,"206,000","207,500","199,800",1.10M,-4.95%
2024-04-29,205000.0,"201,500","206,500","201,000",495.26K,1.74%
2024-04-30,202000.0,"203,500","205,000","202,000",274.89K,-1.46%
2024-05-02,200000.0,"202,500","205,500","200,000",379.63K,-0.99%
2024-05-03,203500.0,"201,500","205,500","200,000",358.40K,1.75%
2024-05-07,204500.0,"204,000","204,500","201,000",268.24K,0.49%
2024-05-08,203000.0,"204,500","205,500","202,500",197.44K,-0.73%
2024-05-09,199900.0,"202,500","203,000","199,700",291.67K,-1.53%
2024-05-10,200500.0,"199,800","202,500","196,500",245.09K,0.30%
2024-05-13,192800.0,"201,000","201,000","192,000",495.85K,-3.84%
2024-05-14,193500.0,"191,500","195,600","191,500",179.33K,0.36%
2024-05-16,194000.0,"194,200","197,400","192,700",259.36K,0.26%
2024-05-17,193900.0,"193,500","196,600","193,200",186.21K,-0.05%
2024-05-20,191200.0,"193,800","193,900","191,000",207.66K,-1.39%
2024-05-21,188000.0,"190,300","191,200","187,900",261.63K,-1.67%
2024-05-22,186800.0,"187,500","189,500","186,600",208.10K,-0.64%
2024-05-23,198100.0,"186,500","201,500","185,700",656.35K,6.05%
2024-05-24,200500.0,"198,100","203,000","196,900",358.91K,1.21%
2024-05-27,203500.0,"204,500","208,500","202,000",419.93K,1.50%
2024-05-28,200000.0,"203,000","203,500","197,100",303.92K,-1.72%
2024-05-29,199300.0,"198,600","201,500","198,000",171.25K,-0.35%
2024-05-30,204000.0,"198,000","206,500","197,300",349.93K,2.36%
2024-05-31,200000.0,"198,600","207,000","193,000",969.05K,-1.96%
2024-06-03,200500.0,"201,000","204,000","199,600",287.49K,0.25%
2024-06-04,200000.0,"201,000","202,500","198,800",220.94K,-0.25%
2024-06-05,198500.0,"200,500","201,000","198,500",208.03K,-0.75%
2024-06-07,197000.0,"198,500","199,800","196,500",185.37K,-0.76%
2024-06-10,202500.0,"197,000","204,000","197,000",290.73K,2.79%
2024-06-11,198000.0,"202,500","203,500","198,000",257.83K,-2.22%
2024-06-12,199100.0,"200,500","201,500","198,300",198.09K,0.56%
2024-06-13,199700.0,"201,000","201,000","198,500",307.49K,0.30%
2024-06-14,200500.0,"199,300","201,000","198,200",205.20K,0.40%
2024-06-17,202500.0,"201,500","203,500","199,100",202.21K,1.00%
2024-06-18,199900.0,"203,000","203,000","199,800",215.00K,-1.28%
2024-06-19,200500.0,"200,500","201,000","199,500",158.87K,0.30%
2024-06-20,202500.0,"200,500","205,000","199,900",258.96K,1.00%
2024-06-21,200000.0,"202,500","202,500","200,000",121.74K,-1.23%
2024-06-24,198100.0,"200,500","202,000","198,100",161.65K,-0.95%
2024-06-25,198700.0,"196,200","199,300","196,000",118.01K,0.30%
2024-06-26,197900.0,"198,300","198,800","197,300",131.59K,-0.40%
2024-06-27,198500.0,"197,700","198,800","197,500",133.02K,0.30%
2024-06-28,202500.0,"198,500","205,000","198,500",286.28K,2.02%
2024-07-01,200500.0,"204,500","204,500","199,200",144.97K,-0.99%
2024-07-02,197200.0,"200,000","200,000","196,700",195.25K,-1.65%
2024-07-03,197000.0,"197,800","198,500","196,900",164.23K,-0.10%
2024-07-04,201000.0,"197,100","201,000","197,100",190.72K,2.03%
2024-07-05,197400.0,"199,700","201,000","197,100",244.63K,-1.79%
2024-07-08,196300.0,"196,100","196,900","193,300",188.41K,-0.56%
2024-07-09,194300.0,"196,900","196,900","194,100",186.22K,-1.02%
2024-07-10,190500.0,"193,100","194,100","190,200",266.87K,-1.96%
2024-07-11,190100.0,"191,000","191,300","188,100",292.82K,-0.21%
2024-07-12,189700.0,"189,700","193,000","189,200",193.21K,-0.21%
2024-07-15,188200.0,"190,500","191,700","188,000",150.70K,-0.79%
2024-07-16,186300.0,"188,300","188,300","185,900",146.91K,-1.01%
2024-07-17,182500.0,"185,600","186,500","182,400",259.98K,-2.04%
2024-07-18,185000.0,"182,500","185,300","180,700",152.69K,1.37%
2024-07-19,182500.0,"183,500","184,600","178,700",141.34K,-1.35%
2024-07-22,179600.0,"182,900","183,900","178,800",124.16K,-1.59%
2024-07-23,180200.0,"179,700","182,800","179,600",94.00K,0.33%
2024-07-24,177300.0,"179,200","182,000","177,200",118.33K,-1.61%
2024-07-25,170300.0,"176,400","176,400","170,000",257.62K,-3.95%
2024-07-26,171700.0,"170,300","172,900","168,100",104.24K,0.82%
2024-07-29,174500.0,"171,700","176,900","171,700",103.89K,1.63%
2024-07-30,172000.0,"173,200","176,400","171,200",84.40K,-1.43%
2024-07-31,176000.0,"172,900","176,800","171,000",100.59K,2.33%
2024-08-01,175300.0,"174,300","176,800","174,300",69.12K,-0.40%
2024-08-02,180800.0,"174,500","184,000","174,500",357.73K,3.14%
2024-08-05,170100.0,"179,000","180,400","160,000",310.47K,-5.92%
2024-08-06,171400.0,"170,300","176,500","167,000",287.46K,0.76%
2024-08-07,181500.0,"169,100","189,100","168,500",579.44K,5.89%
2024-08-08,183800.0,"178,800","184,900","174,100",335.01K,1.27%
2024-08-09,172200.0,"183,800","183,800","171,600",368.35K,-6.31%
2024-08-12,172100.0,"172,300","173,500","170,000",187.82K,-0.06%
2024-08-13,170900.0,"172,100","173,700","170,600",115.07K,-0.70%
2024-08-14,163100.0,"171,000","171,300","162,300",383.15K,-4.56%
2024-08-16,166400.0,"164,700","168,600","163,500",188.91K,2.02%
2024-08-19,168400.0,"166,600","172,200","166,400",140.58K,1.20%
2024-08-20,169000.0,"168,400","170,700","167,200",71.65K,0.36%
2024-08-21,169800.0,"169,000","171,100","168,200",63.77K,0.47%
2024-08-22,177400.0,"170,300","177,400","170,200",176.87K,4.48%
2024-08-23,176600.0,"176,500","177,000","174,200",77.59K,-0.45%
2024-08-26,177300.0,"176,700","179,300","175,400",85.53K,0.40%
2024-08-27,176800.0,"178,300","178,400","175,000",50.48K,-0.28%
2024-08-28,182000.0,"183,800","186,400","179,100",390.95K,2.94%
2024-08-29,187500.0,"181,000","188,000","180,100",252.66K,3.02%
2024-08-30,184400.0,"187,500","188,400","184,400",239.77K,-1.65%
2024-09-02,179800.0,"184,400","185,000","179,800",150.47K,-2.49%
2024-09-03,180400.0,"178,900","181,200","178,100",103.62K,0.33%
2024-09-04,171200.0,"176,500","179,000","170,600",259.60K,-5.10%
2024-09-05,171800.0,"171,300","174,900","170,800",79.27K,0.35%
2024-09-06,165600.0,"171,300","173,300","165,500",133.53K,-3.61%
2024-09-09,165000.0,"161,500","166,300","160,100",120.73K,-0.36%
2024-09-10,166000.0,"165,700","169,900","163,000",78.97K,0.61%
2024-09-11,173900.0,"166,500","175,900","166,500",143.55K,4.76%
2024-09-12,169000.0,"169,500","171,200","163,200",308.43K,-2.82%
2024-09-13,164000.0,"169,000","171,200","163,600",178.83K,-2.96%
2024-09-19,161600.0,"165,500","166,500","160,200",215.93K,-1.46%
2024-09-20,160000.0,"162,500","163,000","159,600",201.07K,-0.99%
2024-09-23,158000.0,"160,900","160,900","157,700",167.54K,-1.25%
2024-09-24,162900.0,"158,800","163,300","157,700",200.34K,3.10%
2024-09-25,159700.0,"164,200","164,700","159,600",180.75K,-1.96%
2024-09-26,169900.0,"161,000","172,000","161,000",353.72K,6.39%
2024-09-27,172900.0,"169,900","174,000","167,500",205.01K,1.77%
2024-09-30,168800.0,"173,900","175,000","168,700",96.46K,-2.37%
2024-10-02,170100.0,"165,500","171,600","165,500",100.66K,0.77%
2024-10-04,173500.0,"169,200","174,000","169,100",102.76K,2.00%
2024-10-07,173500.0,"172,800","175,600","169,000",117.10K,0.00%
2024-10-08,178800.0,"172,200","179,600","172,100",206.72K,3.05%
2024-10-10,178600.0,"179,900","182,000","178,000",170.74K,-0.11%
2024-10-11,176100.0,"180,100","180,700","175,500",82.61K,-1.40%
2024-10-14,184300.0,"176,400","185,500","175,300",169.19K,4.66%
2024-10-15,184500.0,"183,100","186,100","181,400",136.67K,0.11%
2024-10-16,179500.0,"182,700","182,800","178,300",134.86K,-2.71%
2024-10-17,192100.0,"179,500","192,800","179,200",440.76K,7.02%
2024-10-18,188800.0,"190,500","194,000","187,500",148.21K,-1.72%
2024-10-21,194300.0,"190,600","195,000","189,900",229.14K,2.91%
2024-10-22,196000.0,"193,600","196,500","192,500",203.64K,0.87%
2024-10-23,193800.0,"196,000","197,300","191,400",115.06K,-1.12%
2024-10-24,193900.0,"193,800","195,000","191,000",84.00K,0.05%
2024-10-25,192700.0,"193,000","194,800","187,900",138.59K,-0.62%
2024-10-28,195400.0,"192,700","195,500","189,100",115.28K,1.40%
2024-10-29,196500.0,"195,300","196,500","193,700",94.58K,0.56%
2024-10-30,192300.0,"196,500","197,700","191,000",106.41K,-2.14%
2024-10-31,185500.0,"190,900","191,900","185,100",179.38K,-3.54%
2024-11-01,186700.0,"183,500","190,400","180,400",116.57K,0.65%
2024-11-04,197300.0,"186,600","198,900","186,000",313.28K,5.68%
2024-11-05,202500.0,"195,400","204,000","195,400",429.74K,2.64%
2024-11-06,202000.0,"203,000","204,500","199,800",196.71K,-0.25%
2024-11-07,199300.0,"200,000","201,500","194,800",225.11K,-1.34%
2024-11-08,198600.0,"200,000","200,500","197,200",113.90K,-0.35%
2024-11-11,200000.0,"198,700","205,000","198,500",186.90K,0.70%
2024-11-12,194200.0,"199,800","199,900","194,000",168.68K,-2.90%
2024-11-13,198600.0,"193,000","204,000","192,800",253.61K,2.27%
2024-11-14,198400.0,"198,500","202,500","193,700",275.26K,-0.10%
2024-11-15,205000.0,"198,400","207,000","197,500",254.32K,3.33%
2024-11-18,211500.0,"206,500","211,500","204,500",260.95K,3.17%
2024-11-19,216000.0,"210,500","217,500","210,000",301.96K,2.13%
2024-11-20,217500.0,"216,000","219,500","213,500",194.77K,0.69%
2024-11-21,214000.0,"217,000","217,500","208,500",204.05K,-1.61%
2024-11-22,214000.0,"214,000","219,000","209,500",130.72K,0.00%
2024-11-25,214000.0,"219,500","222,000","209,000",273.23K,0.00%
2024-11-26,211000.0,"211,000","213,000","207,500",169.62K,-1.40%
2024-11-27,211500.0,"211,000","216,000","209,000",233.57K,0.24%
2024-11-28,203500.0,"213,000","213,500","201,000",300.76K,-3.78%
2024-11-29,195200.0,"190,000","198,700","189,300",720.75K,-4.08%
2024-12-02,189800.0,"193,100","196,700","188,000",469.27K,-2.77%
2024-12-03,199300.0,"195,400","201,000","190,800",446.87K,5.01%
2024-12-04,196800.0,"197,000","203,500","195,500",332.19K,-1.25%
2024-12-05,190400.0,"196,700","197,900","189,600",226.85K,-3.25%
2024-12-06,189000.0,"189,500","191,100","184,400",212.90K,-0.74%
2024-12-09,185300.0,"184,000","189,200","181,100",242.42K,-1.96%
2024-12-10,197400.0,"187,100","199,500","187,100",270.14K,6.53%
2024-12-11,194200.0,"197,400","199,800","192,900",193.53K,-1.62%
2024-12-12,197100.0,"194,600","197,100","192,300",253.09K,1.49%
2024-12-13,205500.0,"196,100","208,000","195,600",226.00K,4.26%
2024-12-16,205000.0,"207,500","208,500","203,000",96.26K,-0.24%
2024-12-17,202500.0,"204,500","209,000","201,000",131.18K,-1.22%
2024-12-18,204000.0,"202,000","205,500","201,000",84.99K,0.74%
2024-12-19,204000.0,"199,300","207,500","198,700",148.23K,0.00%
2024-12-20,196700.0,"202,500","204,000","196,000",175.42K,-3.58%
2024-12-23,199900.0,"198,000","201,500","195,400",104.29K,1.63%
2024-12-24,195500.0,"201,000","202,000","193,400",122.09K,-2.20%
2024-12-26,195500.0,"195,800","200,500","194,900",117.08K,0.00%
2024-12-27,191700.0,"195,100","195,500","190,000",151.34K,-1.94%
2024-12-30,193400.0,"190,300","195,500","190,000",94.88K,0.89%
2025-01-02,196300.0,"194,100","198,300","190,100",144.09K,1.50%
2025-01-03,201000.0,"195,100","203,000","195,100",140.69K,2.39%
2025-01-06,203500.0,"201,000","205,500","199,600",136.63K,1.24%
2025-01-07,204500.0,"204,000","208,000","203,500",121.11K,0.49%
2025-01-08,205500.0,"204,000","208,500","202,500",135.19K,0.49%
2025-01-09,201500.0,"205,000","206,500","201,500",145.84K,-1.95%
2025-01-10,215500.0,"202,000","216,000","201,500",326.63K,6.95%
2025-01-13,214000.0,"214,500","218,500","214,000",181.87K,-0.70%
2025-01-14,219500.0,"216,000","221,500","214,000",222.06K,2.57%
2025-01-15,222000.0,"221,000","224,500","218,000",175.24K,1.14%
2025-01-16,222500.0,"224,500","225,500","221,000",136.74K,0.23%
2025-01-17,223500.0,"222,000","226,500","220,500",142.10K,0.45%
2025-01-20,220500.0,"224,000","225,500","219,000",126.47K,-1.34%
2025-01-21,218000.0,"220,500","226,000","217,000",181.40K,-1.13%
2025-01-22,220000.0,"218,500","221,500","215,000",148.59K,0.92%
2025-01-23,217000.0,"220,500","224,000","217,000",111.06K,-1.36%
2025-01-24,221500.0,"217,000","225,500","217,000",164.83K,2.07%
2025-01-31,225000.0,"222,500","228,500","221,500",212.67K,1.58%
2025-02-03,226500.0,"221,500","228,000","221,500",154.09K,0.67%
2025-02-04,233000.0,"227,500","234,500","225,500",193.47K,2.87%
2025-02-05,236000.0,"235,500","237,500","231,500",176.66K,1.29%
2025-02-06,237000.0,"237,500","242,000","233,500",181.88K,0.42%
2025-02-07,234500.0,"237,000","238,000","233,500",102.56K,-1.05%
2025-02-10,238000.0,"240,000","245,500","236,500",234.31K,1.49%
2025-02-11,245500.0,"240,000","247,000","239,000",240.03K,3.15%
2025-02-12,250000.0,"246,500","250,500","243,000",195.73K,1.83%
2025-02-13,247500.0,"250,000","254,500","245,500",193.50K,-1.00%
2025-02-14,248000.0,"247,500","249,500","244,500",157.12K,0.20%
2025-02-17,240000.0,"248,000","248,000","238,000",207.73K,-3.23%
2025-02-18,243000.0,"241,500","245,500","238,500",124.59K,1.25%
2025-02-19,245000.0,"245,000","245,500","240,000",138.37K,0.82%
2025-02-20,248500.0,"257,000","263,000","246,000",478.09K,1.43%
2025-02-21,245500.0,"248,500","250,500","243,500",165.13K,-1.21%
2025-02-24,246000.0,"242,500","247,500","241,000",135.79K,0.20%
2025-02-25,251000.0,"246,000","254,000","245,500",178.62K,2.03%
2025-02-26,253000.0,"248,000","261,500","247,500",288.37K,0.80%
2025-02-27,262500.0,"252,500","262,500","251,000",236.05K,3.75%
2025-02-28,257500.0,"258,500","263,000","253,000",295.24K,-1.90%
2025-03-04,251000.0,"257,000","257,500","248,000",211.35K,-2.52%
2025-03-05,251000.0,"251,000","252,500","248,000",175.13K,0.00%
2025-03-06,250000.0,"252,000","253,000","244,500",172.31K,-0.40%
2025-03-07,250000.0,"248,500","252,500","247,000",113.59K,0.00%
2025-03-10,239000.0,"248,500","248,500","232,500",301.14K,-4.40%
2025-03-11,237000.0,"231,000","242,000","231,000",166.36K,-0.84%
2025-03-12,233000.0,"236,000","238,000","231,000",211.43K,-1.69%
2025-03-13,233500.0,"231,500","233,500","229,500",192.74K,0.21%
2025-03-14,232000.0,"231,500","234,000","225,500",194.10K,-0.64%
2025-03-17,238500.0,"231,500","241,000","229,000",187.22K,2.80%
2025-03-18,228500.0,"240,000","240,500","228,500",212.20K,-4.19%
2025-03-19,234000.0,"228,500","236,500","228,500",151.48K,2.41%
2025-03-20,229000.0,"234,500","235,000","228,000",126.29K,-2.14%
2025-03-21,232000.0,"225,500","239,000","224,500",244.36K,1.31%
2025-03-24,233000.0,"232,500","239,000","230,500",106.82K,0.43%
2025-03-25,240000.0,"231,500","242,000","231,000",127.12K,3.00%
2025-03-26,242000.0,"243,000","244,000","238,000",99.32K,0.83%
2025-03-27,245000.0,"240,000","248,500","238,500",133.78K,1.24%
2025-03-28,240500.0,"245,000","245,000","239,000",79.33K,-1.84%
2025-03-31,235500.0,"236,500","242,500","233,000",129.00K,-2.08%
2025-04-01,235000.0,"236,000","238,500","231,500",159.24K,-0.21%
2025-04-02,232500.0,"235,500","235,500","230,000",136.57K,-1.06%
2025-04-03,237000.0,"227,500","241,000","226,500",183.45K,1.94%
2025-04-04,246000.0,"239,500","246,500","235,000",377.79K,3.80%
2025-04-07,231500.0,"239,500","241,500","231,000",192.55K,-5.89%
2025-04-08,230500.0,"237,000","239,000","228,500",143.67K,-0.43%
2025-04-09,215000.0,"227,500","228,500","209,500",466.46K,-6.72%
2025-04-10,229500.0,"222,500","229,500","215,500",271.17K,6.74%
2025-04-11,226000.0,"224,000","229,500","222,500",167.45K,-1.53%
2025-04-14,223000.0,"226,000","226,000","219,000",238.50K,-1.33%
2025-04-15,223000.0,"223,000","226,500","220,000",130.09K,0.00%
2025-04-16,227000.0,"223,000","231,500","222,500",137.08K,1.79%
2025-04-17,227000.0,"227,500","230,500","223,000",177.37K,0.00%
2025-04-18,230500.0,"228,000","232,000","226,000",152.02K,1.54%
2025-04-21,230000.0,"233,000","236,000","229,000",128.40K,-0.22%
2025-04-22,230500.0,"229,000","233,000","228,500",119.68K,0.22%
2025-04-23,230500.0,"232,000","232,500","228,500",112.88K,0.00%
2025-04-24,228000.0,"229,500","231,500","227,000",74.37K,-1.08%
2025-04-25,232500.0,"228,500","234,500","226,500",172.04K,1.97%
2025-04-28,248500.0,"233,500","248,500","230,000",318.67K,6.88%
2025-04-29,253000.0,"250,000","253,500","243,500",288.64K,1.81%
