날짜,종가,시가,고가,저가,거래량,변동 %,로그 수익률,거래량 변화율
2021-11-24,40450,40050,44200,39050,85819000.0,-1.1,-0.0110634195442553,
2021-11-25,40750,41100,42950,39950,35759000.0,0.74,0.007389196182371,-0.5833207098661135
2021-11-26,36900,40500,40500,36600,28836000.0,-9.45,-0.0992442886403902,-0.1936016107832993
2021-11-29,32350,34600,34700,32250,22678000.0,-12.33,-0.1315975300995718,-0.21355250381467605
2021-11-30,30150,32900,34900,29900,21425000.0,-6.8,-0.0704290977737151,-0.05525178587177004
2021-12-01,30100,30150,31250,29000,9968000.0,-0.17,-0.0016597514183643,-0.5347491248541423
2021-12-02,29950,29400,30650,29400,6728000.0,-0.5,-0.0049958471933716,-0.3250401284109149
2021-12-03,32100,30550,32500,30300,19036000.0,7.18,0.0693267055745117,1.829369797859691
2021-12-06,30650,31650,31650,30400,5848000.0,-4.52,-0.0462233677537497,-0.6927926034881278
2021-12-07,31200,30600,31450,30300,7629000.0,1.79,0.0177854324332163,0.3045485636114911
2021-12-08,32800,31500,34500,31300,31963000.0,5.13,0.0500104205746614,3.189670992266352
2021-12-09,32850,32800,33400,32050,6567000.0,0.15,0.0015232295405214,-0.7945436911428839
2021-12-10,32050,33000,33200,31800,6189000.0,-2.44,-0.0246545615639404,-0.057560529922338954
2021-12-13,31000,31800,32400,30700,5816000.0,-3.28,-0.0333099788815328,-0.06026821780578451
2021-12-14,30000,30700,30800,29800,5472000.0,-3.23,-0.0327898228229908,-0.05914718019257226
2021-12-15,29150,30000,30000,29050,4142000.0,-2.83,-0.0287424688656539,-0.24305555555555558
2021-12-16,28700,29350,29550,28650,4440000.0,-1.54,-0.015557790030926,0.07194591984548526
2021-12-17,27950,28300,29000,27950,3278000.0,-2.61,-0.0264799231644672,-0.2617117117117117
2021-12-20,26350,27950,27950,26250,7236000.0,-5.72,-0.0589489246137368,1.207443563148261
2021-12-21,27400,26100,27450,25500,8337000.0,3.98,0.0390747384066531,0.152155887230514
2021-12-22,27950,26800,28650,26500,12350000.0,2.01,0.0198741862070836,0.4813482067890129
2021-12-23,27500,28000,29000,27500,5429000.0,-1.61,-0.0162311949285825,-0.5604048582995951
2021-12-24,26950,27600,27600,26550,5558000.0,-2.0,-0.0202027073175194,0.023761282004052253
2021-12-27,26000,27050,27050,26000,4704000.0,-3.53,-0.035886759333524,-0.1536523929471033
2021-12-28,26500,26550,27250,25400,6757000.0,1.92,0.0190481949706944,0.436437074829932
2021-12-29,27200,26750,27200,26400,3252000.0,2.64,0.0260722403097751,-0.5187213260322628
2021-12-30,27200,27250,28150,26900,4610000.0,0.0,0.0,0.4175891758917589
2022-01-03,28350,27200,28550,27200,4624000.0,4.23,0.0414100568718094,0.0030368763557484524
2022-01-04,29000,28600,29000,27950,5062000.0,2.29,0.0226687998127128,0.09472318339100338
2022-01-05,27500,29100,29300,27500,4274000.0,-5.17,-0.0531098253139484,-0.15566969577242196
2022-01-06,27300,27150,27500,26300,3777000.0,-0.73,-0.0072993024816116,-0.11628451099672443
2022-01-07,26550,27350,28400,25950,7732000.0,-2.75,-0.0278569545029662,1.0471273497484774
2022-01-10,25200,26450,26450,25150,4362000.0,-5.08,-0.0521857531705701,-0.4358510087946198
2022-01-11,24550,25250,25500,24500,2864000.0,-2.58,-0.026132140276848,-0.34342044933516735
2022-01-12,24550,24400,24950,24400,2406000.0,0.0,0.0,-0.1599162011173184
2022-01-13,24000,24600,24900,23800,3552000.0,-2.24,-0.0226580238925839,0.4763092269326683
2022-01-14,22950,23750,23750,22800,3679000.0,-4.38,-0.0447358938413914,0.03575450450450446
2022-01-17,22900,23200,23200,22600,2144000.0,-0.22,-0.0021810259463602,-0.41723294373471054
2022-01-18,24100,22900,24300,22250,4850000.0,5.24,0.0510749299364152,1.2621268656716418
2022-01-19,24500,23800,28100,23750,29274000.0,1.66,0.0164612770540719,5.035876288659794
2022-01-20,25000,24350,25550,23950,5132000.0,2.04,0.0202027073175194,-0.8246908519505363
2022-01-21,23900,25000,25200,23900,2415000.0,-4.4,-0.0449973659307358,-0.529423226812159
2022-01-24,23300,24100,24100,23000,3283000.0,-2.51,-0.02542509836581,0.35942028985507246
2022-01-25,22250,23150,23500,22250,3319000.0,-4.51,-0.0461113519594056,0.010965580261955488
2022-01-26,21600,22000,22350,21400,5610000.0,-2.92,-0.0296486939221299,0.69026815305815
2022-01-27,19850,21950,22100,19800,6328000.0,-8.1,-0.0844893075569198,0.12798573975044558
2022-01-28,20400,19850,20550,19350,2802000.0,2.77,0.0273308937169712,-0.5572060682680151
2022-02-03,20800,20900,21100,20450,1812000.0,1.96,0.0194180858571015,-0.3533190578158458
2022-02-04,21400,20800,21600,20300,2096000.0,2.88,0.0284379353205334,0.1567328918322295
2022-02-07,21200,21300,21600,20850,1755000.0,-0.93,-0.009389740349839,-0.16269083969465647
2022-02-08,21200,21200,22100,20650,2555000.0,0.0,0.0,0.45584045584045585
2022-02-09,21400,21200,21400,21000,1460000.0,0.94,0.0093897403498391,-0.4285714285714286
2022-02-10,21000,21450,21500,20500,2722000.0,-1.87,-0.0188684843043828,0.8643835616438356
2022-02-11,20050,20800,20800,19800,2316000.0,-4.52,-0.0462932839708447,-0.14915503306392364
2022-02-14,18750,19350,19700,18700,4087000.0,-6.48,-0.0670354013361583,0.7646804835924006
2022-02-15,17900,18750,19000,17250,1994000.0,-4.53,-0.0463930395697105,-0.5121115732811353
2022-02-16,18950,18300,19000,18100,2505000.0,5.87,0.0570032186817261,0.25626880641925776
2022-02-17,19000,18950,20150,18700,2949000.0,0.26,0.002635047638005,0.17724550898203595
2022-02-18,19300,18600,19400,18250,1421000.0,1.58,0.0156661167443994,-0.5181417429637165
2022-02-21,19700,19600,19800,18750,1724000.0,2.07,0.020513539833103,0.21323011963406047
2022-02-22,18650,18900,19300,18000,11677000.0,-5.33,-0.0547724896541182,5.773201856148492
2022-02-23,19050,18700,21200,18400,15030000.0,2.14,0.0212209554828854,0.2871456709771345
2022-02-24,17950,19000,19100,17750,5004000.0,-5.77,-0.059476986638422,-0.667065868263473
2022-02-25,6167,6117,6233,5933,11372000.0,-65.65,-1.068377618924932,1.2725819344524378
2022-02-28,6317,6167,6483,6100,8758000.0,-65.86,-1.0745263201677158,-0.22986282096377064
2022-03-02,6367,6267,6433,6100,8376000.0,0.79,0.007883989118325,-0.043617264215574325
2022-03-03,6383,6400,6417,6317,5736000.0,0.26,0.002509805239032,-0.31518624641833815
2022-03-04,6450,6383,6650,6167,13022000.0,1.04,0.0104419245337609,1.2702231520223153
2022-03-07,6167,6267,6383,6100,11645000.0,-4.39,-0.0448676347983254,-0.10574412532637079
2022-03-08,6033,6117,6233,5833,8831000.0,-2.16,-0.021968096550731,-0.24164877629884074
2022-03-10,6367,6117,6367,5917,11313000.0,5.53,0.0538840015762636,0.28105537311742723
2022-03-11,6550,6300,6683,6167,17879000.0,2.88,0.0283366486122722,0.5803942367188191
2022-03-14,6750,6533,6933,6367,28753000.0,3.05,0.0300774552372779,0.6081995637339896
2022-03-15,7000,6750,7100,6617,27956000.0,3.7,0.0363676441708747,-0.027718846729037017
2022-03-16,7117,7000,7283,6783,27986000.0,1.67,0.0165761392618207,0.001073114894834637
2022-03-17,6917,7083,7133,6900,22193000.0,-2.81,-0.0285041386986863,-0.2069963553205174
2022-03-18,6900,6867,6950,6717,17920000.0,-0.24,-0.0024607380152339,-0.1925381877168476
2022-03-21,7067,6833,7250,6750,43509000.0,2.42,0.0239146501055034,1.4279575892857141
2022-03-22,7067,7133,7167,6900,11504000.0,0.0,0.0,-0.7355949343813923
2022-03-23,6933,7150,7150,6917,14691000.0,-1.89,-0.0191434417483638,0.27703407510431144
2022-03-24,7000,6933,7100,6800,10826000.0,0.96,0.00961752909496,-0.2630862432781975
2022-03-25,7017,7000,7050,6917,9559000.0,0.24,0.0024256272148383,-0.1170330685387031
2022-03-28,6917,7017,7017,6850,9605000.0,-67.14,-1.1129184105099428,0.004812218851344197
2022-03-29,6883,6833,6967,6817,9732000.0,-0.48,-0.0049275462022205,0.013222280062467506
2022-03-30,7117,6917,7150,6783,20007000.0,3.39,0.0334316849009068,1.0557953144266339
2022-03-31,7767,7067,8200,7000,123000000.0,9.13,0.0873977011203763,5.147848253111411
2022-04-01,8383,7950,8783,7900,174000000.0,7.94,0.07632185621821,0.41463414634146334
2022-04-04,8317,8583,8600,8233,38676000.0,-0.79,-0.0079042327691698,-0.7777241379310345
2022-04-05,8000,8317,8317,7900,48462000.0,-3.81,-0.0388600712067145,0.2530251318647223
2022-04-06,7850,7867,7917,7617,31004000.0,-1.88,-0.0189280098855189,-0.3602410135776485
2022-04-07,7717,7800,7800,7500,32737000.0,-1.7,-0.017087844318851,0.055896013417623625
2022-04-08,8250,7683,8283,7583,70337000.0,6.91,0.0667875128711237,1.1485475150441395
2022-04-11,7850,8300,8300,7800,40268000.0,-68.28,-1.1483119572203824,-0.4274990403343901
2022-04-12,7517,7700,7767,7383,30749000.0,-4.25,-0.0433464095989852,-0.23639117910002982
2022-04-13,7483,7517,7533,7233,24877000.0,-0.44,-0.0045333410971103,-0.19096555985560504
2022-04-14,7300,7500,7500,7250,25325000.0,-2.45,-0.024759432943876,0.018008602323431377
2022-04-15,7233,7283,7283,7000,21718000.0,-0.91,-0.0092204602872017,-0.1424284304047384
2022-04-18,7233,7167,7450,7017,21270000.0,-66.67,-1.0986583726792702,-0.020628050465052006
2022-04-19,7167,7217,7267,7033,17346000.0,-0.92,-0.0091667308553614,-0.18448519040902678
2022-04-20,7183,7167,7233,7067,16183000.0,0.23,0.0022299660808823,-0.06704715784618931
2022-04-21,7017,7167,7167,6967,32519000.0,-2.32,-0.0233813468225128,1.009454365692393
2022-04-22,6667,6900,7000,6667,37169000.0,-4.99,-0.0511657926342287,0.14299332697807432
2022-04-25,6367,6517,6567,6300,29484000.0,-4.5,-0.0460415826010347,-0.20675832010546424
2022-04-26,6450,6433,6533,6283,17795000.0,1.31,0.0129517297727928,-0.39645231311897977
2022-04-27,6400,6233,6417,6050,19799000.0,-0.78,-0.0077821404420549,0.1126159033436358
2022-04-28,6233,6400,6400,6183,16385000.0,-2.6,-0.0264402325389126,-0.17243295115914947
2022-04-29,6250,6250,6383,6167,19619000.0,0.27,0.0027237059215965,0.1973756484589564
2022-05-02,6250,6100,6283,6017,15570000.0,0.0,0.0,-0.20638156888730308
2022-05-03,6533,6233,6717,6200,42920000.0,4.53,0.0442847921103031,1.7565831727681438
2022-05-04,6483,6617,6650,6383,21197000.0,-0.77,-0.0076828896657546,-0.5061276794035414
2022-05-06,6233,6450,6567,6200,18643000.0,-3.86,-0.0393256083661451,-0.12048874840779356
2022-05-09,5850,6183,6183,5833,21033000.0,-68.72,-1.162081862616776,0.12819825135439578
2022-05-10,5783,5667,5850,5550,21057000.0,-1.14,-0.0115190820676839,0.001141064042219364
2022-05-11,5917,5783,6050,5750,12031000.0,2.31,0.0229069845184759,-0.4286460559433918
2022-05-12,5717,5767,5867,5567,16429000.0,-3.38,-0.0343853714127228,0.36555564790956696
2022-05-13,5817,5717,5867,5683,11247000.0,1.75,0.0173404726467901,-0.3154178586645566
2022-05-16,5733,5850,5983,5717,11006000.0,-1.43,-0.0145457110023787,-0.0214279363385792
2022-05-17,5733,5733,5817,5700,6884000.0,0.0,0.0,-0.3745229874613847
2022-05-18,6000,5833,6100,5833,18272000.0,4.65,0.0455205153018092,1.654270772806508
2022-05-19,5817,5867,5867,5733,13205000.0,-3.05,-0.0309748042994305,-0.2773095446584939
2022-05-20,5917,5800,6000,5783,9956000.0,1.72,0.0170448987659325,-0.24604316546762595
2022-05-23,5867,5917,6167,5817,26439000.0,-0.85,-0.0084861337508342,1.6555845721173164
2022-05-24,5617,5833,5833,5617,22654000.0,-4.26,-0.0435457163934271,-0.14315972616210904
2022-05-25,5533,5617,5633,5467,25868000.0,-1.48,-0.0150675496343229,0.1418733998410877
2022-05-26,5550,5550,5667,5467,13444000.0,0.3,0.0030677638423704,-0.48028452141642186
2022-05-27,5600,5650,5833,5583,18418000.0,0.9,0.0089686699827603,0.36997917286521864
2022-05-30,5750,5683,5800,5633,13171000.0,2.68,0.0264332570681554,-0.2848843522640895
2022-05-31,5800,5750,5833,5717,8597000.0,0.87,0.0086580627431145,-0.34727811100144257
2022-06-02,5700,5733,5800,5667,9222000.0,-67.24,-1.1160040313799788,0.07269977899267177
2022-06-03,5783,5733,5783,5683,6563000.0,1.46,0.0144564043355768,-0.28833224896985465
2022-06-07,5767,5950,5967,5717,20840000.0,-0.29,-0.0027705645428056,2.1753771141246383
2022-06-08,5733,5767,5800,5667,9358000.0,-0.58,-0.0059130607070299,-0.5509596928982725
2022-06-09,5717,5700,5733,5617,12982000.0,-0.29,-0.0027947616444114,0.3872622355204103
2022-06-10,5917,5650,5917,5617,18135000.0,3.5,0.0343853714127228,0.39693421660761063
2022-06-13,6067,5800,6367,5683,106000000.0,-65.82,-1.073521266961264,4.845051006341329
2022-06-14,5900,5867,6300,5717,75245000.0,-2.75,-0.027911898048487,-0.2901415094339622
2022-06-15,6083,5933,6500,5933,204000000.0,3.11,0.0305456444268944,1.7111435975812346
2022-06-16,6350,6367,6467,6100,153000000.0,4.38,0.0429568175660319,-0.25
2022-06-17,5883,6150,6167,5850,71987000.0,-7.35,-0.0763879770222813,-0.5294967320261438
2022-06-20,4833,5883,5883,4833,88544000.0,-72.62,-1.295268390516359,0.22999986108602943
2022-06-21,4717,4917,4933,4617,40906000.0,-2.41,-0.0242943885608224,-0.5380149981929888
2022-06-22,4300,4733,4767,4283,36651000.0,-8.83,-0.0925579816026078,-0.10401897032220209
2022-06-23,4317,4317,4583,4200,37615000.0,0.39,0.0039456938738237,0.02630214728111091
2022-06-24,4500,4283,4533,4283,22172000.0,4.25,0.0415166802029335,-0.4105543001462183
2022-06-27,4600,4567,4717,4433,22855000.0,-65.93,-1.0766333819493346,0.03080461843766913
2022-06-28,4500,4633,4633,4450,17766000.0,-2.17,-0.0219789067187752,-0.22266462480857585
2022-06-29,4333,4433,4450,4283,29723000.0,-3.7,-0.0378172540185017,0.673027130473939
2022-06-30,4567,4400,4800,4367,108000000.0,5.39,0.0525963914450895,2.633549776267537
2022-07-01,4367,4567,4633,4250,47738000.0,-4.38,-0.0447802596994379,-0.5579814814814814
2022-07-04,4217,4433,4450,4167,25370000.0,-3.44,-0.0349522997390011,-0.4685575432569442
2022-07-05,4417,4250,4483,4233,28191000.0,4.74,0.0463367578499666,0.11119432400472995
2022-07-06,5733,4400,5733,4400,380000000.0,29.81,0.2607782213118562,12.47947926643255
2022-07-07,5900,5917,6100,5600,402000000.0,2.91,0.0287133969854281,0.05789473684210522
2022-07-08,5983,5983,6167,5783,199000000.0,1.41,0.0139697634962209,-0.5049751243781094
2022-07-11,6083,6033,6850,5917,476000000.0,-66.11,-1.0820921195957196,1.391959798994975
2022-07-12,5500,5917,5983,5467,163000000.0,-9.59,-0.100749903100143,-0.657563025210084
2022-07-13,5517,5450,5767,5417,99869000.0,0.3,0.0030861420518684,-0.3873067484662577
2022-07-14,6033,5517,6133,5517,176000000.0,9.36,0.0894101651683309,0.7623086242978301
2022-07-15,6233,5983,6517,5883,203000000.0,3.31,0.0326133583680888,0.15340909090909083
2022-07-18,6583,6467,7067,6367,357000000.0,5.62,0.0546328106590261,0.7586206896551724
2022-07-19,7000,6583,7417,6333,323000000.0,6.33,0.0614195805695737,-0.09523809523809523
2022-07-20,7250,7117,7367,6900,124000000.0,3.57,0.0350913198112701,-0.6160990712074303
2022-07-21,6850,7233,7233,6750,111000000.0,-5.52,-0.0567528165924494,-0.10483870967741937
2022-07-22,7333,6783,7600,6783,214000000.0,7.06,0.0681360568375285,0.927927927927928
2022-07-25,6850,7283,7500,6833,112000000.0,-68.86,-1.166793801084182,-0.47663551401869164
2022-07-26,6633,6850,7067,6600,96763000.0,-3.16,-0.032191461730715,-0.1360446428571429
2022-07-27,6950,6650,7050,6400,137000000.0,4.77,0.0466844690332817,0.41583043105319173
2022-07-28,6983,6917,7200,6800,76382000.0,0.48,0.0047369642871974,-0.44246715328467157
2022-07-29,7083,7000,7333,6817,94750000.0,1.43,0.0142189229075872,0.24047550470006018
2022-08-01,6917,7083,7150,6900,35042000.0,-67.45,-1.1223747457519782,-0.6301635883905012
2022-08-02,6633,6917,6917,6583,46189000.0,-4.1,-0.0419249590750287,0.3181039894983162
2022-08-03,6667,6633,6817,6583,36386000.0,0.5,0.005112793092504,-0.21223667972893978
2022-08-04,6233,6800,6800,6200,53649000.0,-6.5,-0.0673122258092094,0.474440718957841
2022-08-05,6150,6300,6350,5983,50245000.0,-1.34,-0.013405676008287,-0.06344945851740014
2022-08-08,6250,6150,6300,6050,22805000.0,1.63,0.0161293819298837,-0.5461239924370584
2022-08-09,6050,6300,6317,5983,32296000.0,-3.2,-0.03252319170556,0.41618066213549665
2022-08-10,6017,6050,6200,6000,26358000.0,-0.55,-0.0054694758045354,-0.183861778548427
2022-08-11,6083,6150,6150,5917,20160000.0,1.11,0.0109091991003535,-0.23514682449351243
2022-08-12,6233,6067,6300,6067,23598000.0,2.47,0.0243597624881452,0.17053571428571423
2022-08-16,6067,6150,6183,6067,21438000.0,-2.67,-0.0269935088665527,-0.09153318077803207
2022-08-17,5800,6050,6083,5733,44832000.0,-4.4,-0.0450063314077871,1.0912398544640358
2022-08-18,5633,5800,5800,5600,17017000.0,-2.87,-0.0292157576397967,-0.6204273733047823
2022-08-19,5567,5600,5767,5517,18041000.0,-1.18,-0.0117858507112061,0.06017511899864836
2022-08-22,5500,5467,5700,5433,17140000.0,-1.2,-0.0121082169629454,-0.04994179923507569
2022-08-23,5400,5383,5633,5383,14631000.0,-1.82,-0.0183491386681965,-0.14638273045507588
2022-08-24,5583,5417,5667,5417,12577000.0,3.39,0.0333273127579946,-0.1403868498393821
2022-08-25,5817,5633,5850,5617,16884000.0,4.18,0.0410583986004011,0.34245050488987827
2022-08-26,5833,5883,5983,5700,18725000.0,0.29,0.0027467828428761,0.10903814262023226
2022-08-29,5550,5517,5633,5500,12800000.0,-4.86,-0.0497335200131574,-0.3164218958611482
2022-08-30,5650,5550,5700,5533,6991000.0,1.8,0.0178576174000064,-0.453828125
2022-08-31,5717,5567,5733,5567,5844000.0,1.18,0.0117886471234845,-0.16406808754112434
2022-09-01,5500,5633,5700,5450,11032000.0,-3.79,-0.0386961000434089,0.8877481177275839
2022-09-02,5333,5500,5567,5283,15365000.0,-3.03,-0.03083416061996,0.39276649746192893
2022-09-05,5083,5250,5350,5017,19462000.0,-4.69,-0.0480122931536996,0.26664497233973306
2022-09-06,5250,5100,5300,5100,7511000.0,3.28,0.032326438138767,-0.6140684410646388
2022-09-07,5267,5267,5367,5067,14714000.0,0.32,0.0032328638977199,0.9589934762348555
2022-09-08,5383,5283,5400,5250,7733000.0,2.21,0.021784899077568,-0.4744461057496262
2022-09-13,5500,5433,5550,5433,7205000.0,2.17,0.021502252659605,-0.06827880512091034
2022-09-14,5583,5300,5583,5233,9039000.0,1.51,0.0149781740897981,0.25454545454545463
2022-09-15,5433,5600,5617,5400,9651000.0,-2.69,-0.0272347987588373,0.06770660471291068
2022-09-16,5500,5467,5633,5433,9691000.0,1.23,0.0122566246690391,0.004144648222982106
2022-09-19,5233,5517,5533,5217,13941000.0,-4.85,-0.0497633648483544,0.4385512331028789
2022-09-20,5283,5233,5400,5233,5958000.0,0.96,0.0095093907921079,-0.5726275016139445
2022-09-21,5367,5267,5400,5200,5697000.0,1.58,0.015774975012513,-0.04380664652567978
2022-09-22,5333,5200,5367,5133,9388000.0,-0.62,-0.0063551615762266,0.6478848516763209
2022-09-23,5267,5267,5467,5233,12894000.0,-1.25,-0.0124529911172128,0.37345547507456334
2022-09-26,4917,5167,5317,4900,17637000.0,-6.65,-0.06876235207145,0.3678455095393207
2022-09-27,5133,4850,5167,4767,10491000.0,4.41,0.0429916951483638,-0.4051709474400408
2022-09-28,4967,5083,5183,4817,11417000.0,-3.25,-0.0328742474529526,0.08826613287579832
2022-09-29,4933,5033,5167,4933,7816000.0,-0.67,-0.0068687138736122,-0.31540684943505304
2022-09-30,5000,4850,5100,4833,6208000.0,1.35,0.0134905901824991,-0.20573183213920165
2022-10-04,5050,5033,5200,5000,6122000.0,1.0,0.009950330853168,-0.013853092783505105
2022-10-05,5000,5067,5150,4967,6280000.0,-0.99,-0.009950330853168,0.02580855929434822
2022-10-06,5250,5000,5267,4967,9170000.0,5.0,0.048790164169432,0.4601910828025477
2022-10-07,5183,5183,5200,5067,7321000.0,-1.27,-0.0128440373959628,-0.20163576881134138
2022-10-11,4833,5133,5133,4833,9858000.0,-6.75,-0.0699166463446225,0.34653735828438736
2022-10-12,4783,4767,4967,4700,5170000.0,-1.03,-0.0103994281647872,-0.4755528504767701
2022-10-13,4283,4683,4750,4283,22882000.0,-10.45,-0.1104142660649258,3.4259187620889753
2022-10-14,4567,4367,4683,4367,25734000.0,6.62,0.0642028355696279,0.12463945459312997
2022-10-17,4400,4483,4483,4283,10924000.0,-3.65,-0.0372519932786464,-0.5755032253050438
2022-10-18,4567,4483,4767,4450,22547000.0,3.79,0.0372519932786463,1.063987550347858
2022-10-19,4517,4617,4683,4483,11337000.0,-1.09,-0.0110084775303947,-0.49718366079744536
2022-10-20,4417,4567,4567,4350,6705000.0,-2.21,-0.0223873240580777,-0.40857369674517063
2022-10-21,4267,4383,4483,4267,10520000.0,-3.4,-0.0345497284085265,0.5689783743475019
2022-10-24,4200,4350,4400,4183,9905000.0,-1.56,-0.0158264789165402,-0.05846007604562742
2022-10-25,4200,4217,4317,4150,13197000.0,0.0,0.0,0.3323573952549217
2022-10-26,4000,4217,4233,4000,16071000.0,-4.76,-0.048790164169432,0.21777676744714713
2022-10-27,4083,4033,4117,4000,7795000.0,2.08,0.0205376512175481,-0.5149648435069379
2022-10-28,4033,4083,4117,3983,10637000.0,-1.22,-0.0123214964462076,0.3645926876202694
2022-10-31,4067,4100,4150,4000,8423000.0,0.83,0.0083951110338562,-0.2081413932499765
2022-11-01,4100,4083,4150,4050,6353000.0,0.82,0.0080813467851746,-0.24575566900154344
2022-11-02,4167,4133,4267,4050,8581000.0,1.63,0.0162093787300542,0.3507004564772549
2022-11-03,4100,4100,4150,4000,13087000.0,-1.6,-0.0162093787300543,0.5251136231208484
2022-11-04,4100,4100,4217,4033,6533000.0,0.0,0.0,-0.5008023229158707
2022-11-07,4283,4100,4283,4067,12927000.0,4.47,0.0436667249229718,0.9787234042553192
2022-11-08,4333,4233,4483,4233,9954000.0,1.17,0.0116064441245384,-0.22998375493153866
2022-11-09,4283,4350,4400,4267,8206000.0,-1.15,-0.0116064441245384,-0.17560779586096043
2022-11-10,4167,4300,4300,4167,6900000.0,-2.72,-0.0274573461929175,-0.15915184011698758
2022-11-11,4350,4333,4417,4250,11193000.0,4.4,0.0429794926602763,0.6221739130434782
2022-11-14,4483,4450,4550,4367,12182000.0,3.06,0.0301166200727097,0.0883587956758689
2022-11-15,4583,4417,4583,4417,9170000.0,2.23,0.0220613403536844,-0.24725004104416348
2022-11-16,4583,4633,4633,4467,5771000.0,0.0,0.0,-0.37066521264994545
2022-11-17,4533,4483,4567,4450,6863000.0,-1.09,-0.0109698335682748,0.18922197192860857
2022-11-18,4450,4450,4550,4433,6045000.0,-1.84,-0.0184798757805634,-0.11918985866239251
2022-11-21,4267,4433,4500,4167,9133000.0,-4.12,-0.0419930919722859,0.5108354011579819
2022-11-22,4317,4300,4400,4217,6032000.0,1.17,0.0116497123674774,-0.33953793934085186
2022-11-23,4450,4467,4550,4367,8881000.0,3.09,0.0303433796048082,0.472314323607427
2022-11-24,4800,4450,5117,4433,130000000.0,7.87,0.0757118217356963,13.63799121720527
2022-11-25,4617,4783,4883,4617,24893000.0,-3.82,-0.0388707743889933,-0.8085153846153846
2022-11-28,5000,4683,5700,4567,255000000.0,8.3,0.0796927689092485,9.243843650825534
2022-11-29,5017,5000,5083,4900,33655000.0,0.33,0.0033942330680156,-0.8680196078431373
2022-11-30,4867,5017,5033,4850,22592000.0,-2.99,-0.0303544146507987,-0.32871787253008466
2022-12-01,4983,4950,5067,4867,27620000.0,2.4,0.0235543884479503,0.22255665722379603
2022-12-02,4817,4933,4967,4767,13548000.0,-3.34,-0.0338807916511837,-0.5094858797972484
2022-12-05,4733,4800,4850,4700,7658000.0,-1.73,-0.0175920767239728,-0.43475051668142894
2022-12-06,4583,4767,4767,4550,10841000.0,-3.17,-0.0322054453971239,0.4156437712196397
2022-12-07,4583,4583,4600,4450,10674000.0,0.0,0.0,-0.015404482981274836
2022-12-08,4433,4550,4567,4433,7954000.0,-3.27,-0.0332772497640705,-0.2548248079445381
2022-12-09,4717,4433,4767,4433,16726000.0,6.39,0.0620964485392082,1.1028413376917277
2022-12-12,4733,4650,4950,4650,12946000.0,-66.55,-1.0951553731651358,-0.22599545617601335
2022-12-13,4667,4783,4800,4583,9786000.0,-1.41,-0.0140427839564323,-0.24409083886914873
2022-12-14,4667,4667,4683,4600,6105000.0,0.0,0.0,-0.3761496014714899
2022-12-15,4567,4650,4650,4550,5088000.0,-2.14,-0.0216599327648166,-0.16658476658476662
2022-12-16,4533,4500,4600,4433,5327000.0,-0.73,-0.0074725622441497,0.04697327044025168
2022-12-19,4500,4500,4567,4450,4655000.0,-0.73,-0.0073065751824381,-0.12614980289093303
2022-12-20,4467,4533,4667,4417,12998000.0,-0.74,-0.0073603544062924,1.7922663802363052
2022-12-21,4367,4533,4550,4367,6965000.0,-2.24,-0.0226407678665576,-0.4641483305123866
2022-12-22,4367,4383,4417,4333,8115000.0,0.0,0.0,0.16511127063890885
2022-12-23,4233,4300,4300,4183,6527000.0,-3.05,-0.0311653129646372,-0.19568699938385703
2022-12-26,4383,4200,4500,4133,9501000.0,3.54,0.0348224598978854,0.4556457790715489
2022-12-27,4400,4383,4483,4350,4483000.0,0.38,0.0038711194875434,-0.5281549310598884
2022-12-28,4383,4367,4433,4350,2736000.0,-0.38,-0.0038711194875433,-0.3896944010707116
2022-12-29,4367,4433,4517,4317,12768000.0,-0.38,-0.0036571469332482,3.666666666666667
2023-01-02,4267,4350,4500,4250,5648000.0,-2.29,-0.023165270297561,-0.5576441102756893
2023-01-03,4417,4267,4550,4200,11899000.0,3.52,0.0345497284085265,1.1067634560906514
2023-01-04,4433,4383,4500,4367,4012000.0,0.38,0.0036158231485269,-0.6628288091436255
2023-01-05,4350,4517,4583,4333,4635000.0,-1.88,-0.0189007106623237,0.1552841475573281
2023-01-06,4483,4350,4533,4317,7979000.0,3.06,0.0301166200727097,0.7214670981661273
2023-01-09,4583,4617,4667,4500,7870000.0,2.23,0.0220613403536844,-0.01366085975686171
2023-01-10,4500,4633,4633,4500,8061000.0,-1.82,-0.0182764087507129,0.02426937738246515
2023-01-11,4617,4517,4650,4517,7629000.0,2.59,0.0256677467485778,-0.05359136583550428
2023-01-12,4633,4633,4817,4533,15893000.0,0.36,0.0034594629096593,1.083235024249574
2023-01-13,4400,4633,4633,4400,41717000.0,-5.04,-0.0516000655102958,1.624866293336689
2023-01-16,4333,4400,4400,4283,26181000.0,-1.52,-0.0153443981664431,-0.3724141237385239
2023-01-17,4450,4333,4450,4333,17114000.0,2.69,0.0266439534203764,-0.34631985027309886
2023-01-18,5083,4433,5217,4433,209000000.0,14.23,0.1329975422866166,11.21222391024892
2023-01-19,5267,5017,5383,4967,102000000.0,3.61,0.0355593020364869,-0.5119617224880383
2023-01-20,5267,5250,5483,5133,34935000.0,0.0,0.0,-0.6575
2023-01-25,5150,5267,5380,5143,32686000.0,-2.22,-0.0224642258256074,-0.06437669958494352
2023-01-26,5140,5153,5217,5057,28593000.0,-0.19,-0.001943635208571,-0.12522180750168266
2023-01-27,5040,5133,5133,4800,19904000.0,-1.95,-0.0196469973837965,-0.30388556639736997
2023-01-30,4950,5000,5140,4903,20170000.0,-1.79,-0.0180185055026783,0.01336414790996776
2023-01-31,4923,4883,4967,4843,18488000.0,-0.54,-0.0054694758045354,-0.08339117501239468
2023-02-01,5050,4927,5050,4900,7382000.0,2.57,0.0254701425112048,-0.600713976633492
2023-02-02,5243,5110,5277,5007,44210000.0,3.83,0.0375056103031273,4.988891899214305
2023-02-03,5393,5333,5443,5240,41619000.0,2.86,0.0282079627646941,-0.058606650079167655
2023-02-06,5450,5483,5590,5380,35642000.0,-66.32,-1.088160302955193,-0.14361229246257723
2023-02-07,5527,5433,5577,5383,20398000.0,1.41,0.0140295641759732,-0.4276976600639695
2023-02-08,5490,5633,5700,5480,29618000.0,-0.66,-0.0067169173296866,0.45200509853907245
2023-02-09,5400,5500,5600,5367,24974000.0,-1.64,-0.0165293019512105,-0.15679654264298737
2023-02-10,5447,5483,5690,5300,41339000.0,0.86,0.0086660448313086,0.6552814927524626
2023-02-13,5300,5467,5467,5183,21011000.0,-67.56,-1.1259092688737806,-0.4917390357773531
2023-02-14,5290,5300,5383,5243,8429000.0,-0.19,-0.0018885746878681,-0.5988291847127696
2023-02-15,5360,5293,5463,5197,21750000.0,1.32,0.0131457292125025,1.580377268952426
2023-02-16,5350,5360,5433,5303,10484000.0,-0.19,-0.0018674141747954,-0.5179770114942528
2023-02-17,5317,5300,5333,5213,23530000.0,-0.62,-0.0061873263857137,1.2443723769553605
2023-02-20,5300,5280,5317,5240,14402000.0,-0.31,-0.0032024139641252,-0.38793030174245646
2023-02-21,5273,5267,5333,5253,11413000.0,-0.5,-0.0051073600097434,-0.2075406193584225
2023-02-22,5190,5227,5273,5117,8541000.0,-1.58,-0.0158657633705354,-0.2516428634013844
2023-02-23,5240,5167,5240,5100,6711000.0,0.96,0.0095878011551536,-0.21426062521952938
2023-02-24,5167,5190,5240,5057,7684000.0,-1.4,-0.0140292490279032,0.1449858441364924
2023-02-27,5140,5067,5347,5003,19263000.0,-0.52,-0.0052391698379738,1.506897449245185
2023-02-28,5203,5140,5267,5083,8781000.0,1.23,0.0121823028410926,-0.5441520012459118
2023-03-02,4933,5250,5250,4933,21936000.0,-68.4,-1.1519644122757395,1.498120942944995
2023-03-03,4910,4887,4990,4887,8671000.0,-0.47,-0.004673380445172,-0.6047137126185267
2023-03-06,4923,4923,4923,4807,8167000.0,0.27,0.0026441589696343,-0.05812478376196517
2023-03-07,5067,4907,5113,4907,11342000.0,2.91,0.028830825717709,0.38875964246357286
2023-03-08,4950,5087,5087,4917,7601000.0,-2.3,-0.0233613499131737,-0.32983600775877275
2023-03-09,4913,4920,5033,4897,6608000.0,-0.74,-0.0075028233940877,-0.1306407051703723
2023-03-10,4720,4893,4893,4697,7882000.0,-3.93,-0.0400759535890471,0.19279661016949157
2023-03-13,4647,4633,4713,4450,8856000.0,-1.55,-0.0155869494946227,0.12357269728495313
2023-03-14,4433,4647,4650,4433,9344000.0,-4.59,-0.0471452943399248,0.05510388437217695
2023-03-15,4503,4520,4583,4467,3398000.0,1.58,0.0156672855565182,-0.6363441780821918
2023-03-16,4370,4503,4503,4233,10490000.0,-2.96,-0.0299808322119357,2.087110064743967
2023-03-17,4643,4433,4673,4333,10342000.0,6.25,0.0605976999302858,-0.014108674928503318
2023-03-20,4643,4617,4737,4580,4304000.0,0.0,0.0,-0.5838329143299168
2023-03-21,4643,4607,4687,4607,3202000.0,0.0,0.0,-0.2560408921933085
2023-03-22,4627,4663,4720,4557,3380000.0,-0.36,-0.0034519991129221,0.055590256089943724
2023-03-23,4663,4597,4733,4540,8786000.0,0.79,0.0077503079013213,1.5994082840236685
2023-03-24,4663,4673,4737,4633,3111000.0,0.0,0.0,-0.6459139540177555
2023-03-27,4587,4720,4720,4483,4179000.0,-1.64,-0.0164328022111489,0.3432979749276759
2023-03-28,4757,4633,4757,4590,6462000.0,3.71,0.0363910018351095,0.5463029432878679
2023-03-29,4677,4760,4760,4657,4270000.0,-1.68,-0.0169603387063952,-0.3392138656762612
2023-03-30,4660,4700,4713,4603,3489000.0,-0.36,-0.0036414306061946,-0.18290398126463703
2023-03-31,4533,4660,4717,4507,5966000.0,-2.72,-0.0276314761788422,0.709945543135569
2023-04-03,4587,4517,4630,4477,6300000.0,1.18,0.0118422436563228,0.055983908816627626
2023-04-04,4633,4583,4690,4513,5104000.0,1.02,0.0099783908194764,-0.1898412698412698
2023-04-05,4617,4683,4683,4573,3270000.0,-0.36,-0.0034594629096594,-0.35932601880877746
2023-04-06,4647,4590,4660,4543,6955000.0,0.65,0.0064767065779895,1.1269113149847096
2023-04-07,4733,4697,4780,4593,8630000.0,1.86,0.0183374008212695,0.24083393242271756
2023-04-10,4703,4733,4760,4623,5491000.0,-0.63,-0.0063586479611999,-0.3637311703360371
2023-04-11,4693,4637,4790,4637,7538000.0,-0.21,-0.0021285661506303,0.3727918411946822
2023-04-12,4700,4693,4750,4647,6779000.0,0.14,0.0014904719037323,-0.1006898381533563
2023-04-13,4763,4743,4763,4677,6065000.0,1.35,0.0133152131027104,-0.1053252692137483
2023-04-14,4867,4763,5040,4763,21381000.0,2.17,0.0216000090325939,2.5253091508656222
2023-04-17,4793,4923,4927,4760,5890000.0,-67.17,-1.1138650085367965,-0.7245217716664328
2023-04-18,4727,4793,4857,4670,8519000.0,-1.39,-0.0138657683663949,0.44634974533106964
2023-04-19,4700,4773,4773,4667,6688000.0,-0.56,-0.0057282430950864,-0.2149313299683061
2023-04-20,4667,4673,4700,4603,6147000.0,-0.71,-0.0070460417483343,-0.08089114832535882
2023-04-21,4683,4623,4767,4617,6081000.0,0.36,0.003422463233726,-0.010736944851146846
2023-04-24,4613,4620,4673,4583,4779000.0,-1.49,-0.0150605256257212,-0.21410952146028617
2023-04-25,4450,4560,4610,4397,10811000.0,-3.54,-0.0359743083975346,1.2621887424147311
2023-04-26,4430,4450,4483,4383,3345000.0,-0.45,-0.0045045121211045,-0.6905929146239941
2023-04-27,4443,4387,4483,4363,2069000.0,0.3,0.0029302398967271,-0.38146487294469356
2023-04-28,4367,4447,4453,4177,6830000.0,-1.72,-0.0172535494503475,2.3011116481391976
2023-05-02,4547,4367,4577,4367,6521000.0,4.12,0.0403914003394496,-0.04524158125915079
2023-05-03,4550,4500,4663,4500,2143000.0,0.07,0.0006595581199855,-0.6713694218678117
2023-05-04,4567,4600,4600,4467,2981000.0,0.37,0.0037293012400028,0.3910405972935138
2023-05-08,4533,4573,4600,4520,1353000.0,-0.73,-0.0074725622441497,-0.5461254612546125
2023-05-09,4550,4530,4567,4343,4895000.0,0.37,0.0037432610041468,2.6178861788617884
2023-05-10,4573,4550,4607,4547,1844000.0,0.51,0.0050422117130591,-0.6232890704800818
2023-05-11,4687,4593,4750,4543,8204000.0,2.48,0.0246232742646508,3.4490238611713666
2023-05-12,4687,4717,4823,4633,6377000.0,0.0,0.0,-0.22269624573378843
2023-05-15,4853,4750,4933,4733,17061000.0,3.55,0.03480435148251,1.675395954210444
2023-05-16,4883,4817,4993,4807,25726000.0,0.62,0.006162714656444,0.5078834769357012
2023-05-17,5073,4883,5127,4800,28251000.0,3.89,0.0381725735050298,0.09814973178885178
2023-05-18,4990,5073,5073,4933,10326000.0,-1.64,-0.0164964488211255,-0.634490814484443
2023-05-19,5293,4997,5333,4920,34022000.0,6.08,0.0589492831124232,2.294789850861902
2023-05-22,5667,5850,6867,5520,1932000000.0,7.05,0.0682746843116317,55.7867850214567
2023-05-23,5597,5840,5883,5403,429000000.0,-1.24,-0.0124291372782596,-0.7779503105590062
2023-05-24,5217,5547,5557,5193,193000000.0,-6.79,-0.0703082158689668,-0.5501165501165501
2023-05-25,5063,5100,5160,5020,123000000.0,-2.94,-0.0299633310524835,-0.36269430051813467
2023-05-26,4907,5017,5040,4887,69607000.0,-3.09,-0.0312964358800057,-0.43408943089430896
2023-05-30,5107,4933,5133,4920,60435000.0,-65.31,-1.0585949656352234,-0.13176835663079867
2023-05-31,5003,5107,5120,4950,39773000.0,-2.02,-0.0205744151594388,-0.34188797882022004
2023-06-01,5050,4967,5460,4960,217000000.0,0.93,0.0093505107812005,4.455962587685113
2023-06-02,5030,5037,5090,4983,35549000.0,-0.4,-0.0039682591756206,-0.8361797235023042
2023-06-05,5030,5037,5067,4950,19423000.0,0.0,0.0,-0.45362738754957943
2023-06-07,4943,5033,5037,4927,29922000.0,-67.24,-1.1160598384549354,0.5405447150285743
2023-06-08,4770,4907,4920,4770,36692000.0,-3.51,-0.0356261294245723,0.22625492948332337
2023-06-09,4930,4793,4967,4793,35744000.0,3.35,0.0329926831543488,-0.025836694647334624
2023-06-12,5000,4933,5037,4877,23667000.0,1.42,0.0140989243795016,-0.3378748880931065
2023-06-13,5040,5000,5070,4913,27869000.0,0.8,0.0079681696491768,0.17754679511556182
2023-06-14,4953,5037,5100,4950,33809000.0,-1.72,-0.0174126284771766,0.2131400480820984
2023-06-15,5147,5000,5183,4927,47931000.0,3.9,0.0384205670645167,0.4176994291460854
2023-06-16,5443,5173,5453,5107,117000000.0,5.76,0.0559163587814455,1.4410089503661512
2023-06-19,5570,5500,5600,5417,103000000.0,2.33,0.0230646744871296,-0.11965811965811968
2023-06-20,6367,5570,6767,5467,1470000000.0,14.3,0.1337333470956955,13.271844660194175
2023-06-21,5837,6183,6183,5837,158000000.0,-8.32,-0.0869114348132342,-0.8925170068027211
2023-06-22,5763,5837,5920,5723,78990000.0,-1.26,-0.0127587937671247,-0.5000632911392405
2023-06-23,5733,5750,5897,5670,50465000.0,-0.52,-0.0052192185282836,-0.36112166096974296
2023-06-26,5757,5623,5787,5573,38818000.0,-66.53,-1.0944928781257348,-0.23079361934013676
2023-06-27,5857,5757,5920,5723,45391000.0,1.74,0.0172210214139726,0.16932866196094598
2023-06-28,5867,5863,6007,5843,43393000.0,0.17,0.0017059028360776,-0.04401753651604945
2023-06-29,5663,5803,5840,5560,61585000.0,-3.47,-0.0353896428120549,0.4192381259650173
2023-06-30,5850,5660,5853,5600,52555000.0,3.3,0.0324878741120971,-0.1466266136234473
2023-07-03,5733,5853,6260,5710,172000000.0,-67.33,-1.118814995985629,2.2727618685186948
2023-07-04,6020,6530,7460,5930,387000000.0,5.0,0.048848305394484,1.25
2023-07-05,5630,6070,6070,5630,38937000.0,-6.48,-0.0669778171691306,-0.8993875968992248
2023-07-06,5410,5540,5580,5350,21725000.0,-3.91,-0.0398603492932088,-0.4420474099185865
2023-07-07,5380,5300,5520,5300,10635000.0,-0.55,-0.005560718684697,-0.5104718066743383
2023-07-10,5420,5330,5440,5330,8128000.0,0.74,0.0074074412778618,-0.23573107663375648
2023-07-11,5540,5430,5550,5410,9141000.0,2.21,0.0218986853076375,0.12463090551181111
2023-07-12,5750,5570,5770,5530,11976000.0,3.79,0.0372053540500667,0.31014112241549063
2023-07-13,5760,5800,5800,5670,7951000.0,0.17,0.0017376198985408,-0.33608884435537745
2023-07-14,5720,5800,5800,5570,8395000.0,-0.69,-0.0069686693160933,0.055842032448748524
2023-07-17,5800,5640,5930,5540,14665000.0,1.4,0.013889112160667,0.7468731387730791
2023-07-18,5840,5810,5860,5650,7873000.0,0.69,0.006872879287762,-0.4631435390385271
2023-07-19,6330,5900,6980,5600,122000000.0,8.39,0.0805694393159491,14.495998983868919
2023-07-20,6160,6270,6280,5940,26568000.0,-2.69,-0.0272234586106564,-0.7822295081967213
2023-07-21,6170,5970,6220,5960,14698000.0,0.16,0.001622060371868,-0.4467780788919
2023-07-24,5590,5560,5760,5410,51967000.0,-9.4,-0.0987195507502886,2.535651108994421
2023-07-25,5440,5590,5650,5330,26378000.0,-2.68,-0.0272002262991564,-0.49240864394712025
2023-07-26,4725,5150,5180,4580,94757000.0,-13.14,-0.1409114999221452,2.592273864584123
2023-07-27,4770,4700,4875,4615,38246000.0,0.95,0.0094787439545437,-0.5963781039923172
2023-07-28,4925,4755,4995,4755,18087000.0,3.25,0.0319779697238023,-0.5270878000313759
2023-07-31,4900,4960,5050,4880,15427000.0,-0.51,-0.0050890695074712,-0.1470669541659756
2023-08-01,4810,4830,4975,4600,20829000.0,-1.84,-0.0185381209989111,0.35016529461334023
2023-08-02,4630,4810,4830,4625,25240000.0,-3.74,-0.0381402160195271,0.21177204858610588
2023-08-03,4650,4630,4685,4455,18294000.0,0.43,0.0043103515011222,-0.27519809825673536
2023-08-04,4810,4575,4825,4575,16492000.0,3.44,0.0338298645184048,-0.09850224117196893
2023-08-07,4750,4765,4890,4690,14527000.0,-1.25,-0.0125524660711199,-0.11914867814698038
2023-08-08,4640,4705,4790,4590,17115000.0,-2.32,-0.0234302518083859,0.1781510291181938
2023-08-09,4635,4620,4690,4590,12686000.0,-0.11,-0.0010781672203454,-0.25877884896289804
2023-08-10,4660,4650,4730,4570,14005000.0,0.54,0.0053792491197359,0.10397288349361511
2023-08-11,4750,4650,4800,4650,12345000.0,1.93,0.0191291699089953,-0.1185290967511603
2023-08-14,4615,4825,4865,4580,25005000.0,-2.84,-0.0288327500917343,1.0255164034021873
2023-08-16,4390,4585,4585,4300,17425000.0,-4.88,-0.0499826408677354,-0.30313937212557485
2023-08-17,4335,4325,4400,4195,16451000.0,-1.25,-0.0126076168545748,-0.05589670014347203
2023-08-18,4215,4230,4300,4170,20494000.0,-2.77,-0.0280720187786863,0.24576013616193548
2023-08-21,4215,4215,4340,4190,8632000.0,0.0,0.0,-0.5788035522591979
2023-08-22,4200,4210,4240,4130,12964000.0,-0.36,-0.0035650661644961,0.5018535681186285
2023-08-23,4330,4150,4370,4145,15975000.0,3.1,0.0304830167250757,0.23225856217216911
2023-08-24,4480,4380,4980,4330,91930000.0,3.46,0.0340555044124953,4.754616588419405
2023-08-25,4495,4450,4590,4415,11258000.0,0.33,0.0033426214966897,-0.877537256608289
2023-08-28,4605,4475,4645,4395,18731000.0,2.45,0.0241770017836865,0.6637946349262747
2023-08-29,4800,4610,4870,4595,20053000.0,4.23,0.041473248206575,0.07057818589504028
2023-08-30,4820,4760,4885,4750,13911000.0,0.42,0.0041580101486636,-0.30628833590983895
2023-08-31,4755,4825,4850,4745,8460000.0,-1.35,-0.0135772320651552,-0.3918481777010998
2023-09-01,4800,4765,4925,4740,12866000.0,0.95,0.0094192219164915,0.5208037825059102
2023-09-04,4825,4810,4915,4750,9639000.0,0.52,0.0051948168771039,-0.25081610446137104
2023-09-05,4735,4830,4870,4685,13465000.0,-1.87,-0.0188290081529076,0.3969291420271812
2023-09-06,4730,4740,4830,4685,6345000.0,-0.11,-0.0010565241341999,-0.5287783141477906
2023-09-07,4645,4735,4750,4640,11582000.0,-1.8,-0.0181338302380397,0.8253743104806934
2023-09-08,4725,4690,4850,4645,8456000.0,1.72,0.0170761886799043,-0.2699015714039026
2023-09-11,4760,4735,4845,4665,13094000.0,0.74,0.0073801072976224,0.5484862819299905
2023-09-12,4770,4750,4865,4685,9275000.0,0.21,0.0020986366569212,-0.2916603024285932
2023-09-13,4680,4710,4765,4630,13289000.0,-1.89,-0.0190481949706944,0.43277628032345006
2023-09-14,4675,4680,4730,4630,6508000.0,-0.11,-0.001068947188905,-0.5102716532470464
2023-09-15,4680,4640,4695,4615,4038000.0,0.11,0.0010689471889049,-0.37953288260602336
2023-09-18,4595,4635,4680,4575,4070000.0,-1.82,-0.018329354121905,0.007924715205547272
2023-09-19,4470,4560,4620,4400,10610000.0,-2.72,-0.0275803471821729,1.6068796068796067
2023-09-20,4400,4430,4540,4380,6977000.0,-1.57,-0.015783867701262,-0.3424128180961358
2023-09-21,4260,4375,4410,4185,9762000.0,-3.18,-0.0323353806429364,0.39916869714777126
2023-09-22,4690,4185,4800,4185,65327000.0,10.09,0.0961634221769089,5.691968858840402
2023-09-25,4470,4610,4680,4430,16793000.0,-4.69,-0.0480441738327104,-0.7429393665712493
2023-09-26,4285,4440,4495,4095,23724000.0,-4.14,-0.0422678565757343,0.4127314952658845
2023-09-27,4230,4210,4300,4170,5186000.0,-1.28,-0.0129185589915565,-0.7814027988534817
2023-10-04,3900,4150,4230,3900,18557000.0,-7.8,-0.0812254399225858,2.5782876976475126
2023-10-05,3910,3920,3990,3845,6129000.0,0.26,0.0025608208616736,-0.6697203211726033
2023-10-06,4025,3810,4065,3805,7577000.0,2.94,0.0289875368732521,0.23625387502039485
2023-10-10,3900,4000,4045,3830,8861000.0,-3.11,-0.0315483577349259,0.16946020852580168
2023-10-11,3955,3915,4035,3900,2815000.0,1.41,0.0140040480840164,-0.6823157657149306
2023-10-12,4065,3935,4150,3925,12091000.0,2.78,0.0274331417801566,3.2952042628774425
2023-10-13,3935,4090,4090,3860,10910000.0,-3.2,-0.0325028611304073,-0.0976759573236291
2023-10-16,3805,3880,3935,3730,8555000.0,-3.3,-0.0335948905557174,-0.21585701191567375
2023-10-17,3850,3810,3940,3800,7404000.0,1.18,0.0117571569860437,-0.13454120397428404
2023-10-18,3800,3865,3890,3745,5495000.0,-1.3,-0.0130720815673527,-0.25783360345759054
2023-10-19,3665,3760,3800,3630,9481000.0,-3.55,-0.0361727313937253,0.7253867151956324
2023-10-20,3580,3540,3660,3435,14046000.0,-2.32,-0.0234655349260058,0.48148929437823007
2023-10-23,3575,3525,3670,3515,6403000.0,-0.14,-0.0013976242666379,-0.5441406806208173
2023-10-24,3690,3550,3690,3440,8672000.0,3.22,0.0316612819064649,0.35436514133999686
2023-10-25,3730,3690,3780,3675,5050000.0,1.08,0.0107817756032884,-0.4176660516605166
2023-10-26,3685,3690,3690,3410,5856000.0,-1.21,-0.0121377080144242,0.15960396039603952
2023-10-27,3605,3685,3745,3605,3049000.0,-2.17,-0.0219487549043875,-0.4793374316939891
2023-10-30,3470,3535,3605,3460,6776000.0,-3.74,-0.0381671767781445,1.2223679895047557
2023-10-31,3470,3480,3525,3385,4101000.0,0.0,0.0,-0.39477567886658793
2023-11-01,3460,3470,3490,3410,2985000.0,-0.29,-0.0028860048891349,-0.27212874908558893
2023-11-02,4050,3480,4495,3475,710000000.0,17.05,0.1574482920488149,236.85594639865997
2023-11-03,3850,3890,3980,3805,101000000.0,-4.94,-0.0506437328187549,-0.8577464788732394
2023-11-06,3865,3820,3905,3760,48214000.0,0.39,0.0038885337396923,-0.5226336633663367
2023-11-07,3745,3835,3880,3700,40699000.0,-3.1,-0.0315400650702024,-0.15586759032646125
2023-11-08,3635,3700,3810,3600,34432000.0,-2.94,-0.0298125059837001,-0.15398412737413691
2023-11-09,3415,3610,3650,3385,68807000.0,-6.05,-0.0624316179627293,0.998344563197026
2023-11-10,3390,3410,3415,3330,20605000.0,-0.73,-0.0073475716303945,-0.7005391893266674
2023-11-13,3330,3365,3405,3270,20584000.0,-1.77,-0.0178576174000064,-0.001019170104343603
2023-11-14,3325,3300,3385,3300,8342000.0,-0.15,-0.001502629884535,-0.594733773804897
2023-11-15,3420,3365,3450,3365,13050000.0,2.86,0.0281708769666962,0.5643730520258932
2023-11-16,3435,3420,3460,3370,6965000.0,0.44,0.0043763745997987,-0.46628352490421454
2023-11-17,3350,3460,3460,3305,17323000.0,-2.47,-0.0250565798373376,1.4871500358937544
2023-11-20,3450,3380,3455,3330,10533000.0,2.99,0.0294138852062934,-0.3919644403394331
2023-11-21,3480,3445,3500,3410,10022000.0,0.87,0.0086580627431145,-0.048514193487135704
2023-11-22,3490,3495,3500,3415,6889000.0,0.29,0.0028694424279527,-0.31261225304330476
2023-11-23,3455,3480,3510,3425,7955000.0,-1.0,-0.0100792789947025,0.15473943968645676
2023-11-24,3440,3445,3480,3420,3807000.0,-0.43,-0.0043509858343262,-0.5214330609679447
2023-11-27,3435,3450,3485,3425,4388000.0,-0.15,-0.0014545457109943,0.15261360651431577
2023-11-28,3505,3440,3505,3415,6051000.0,2.04,0.0201735948122406,0.3789881494986327
2023-11-29,3465,3500,3500,3425,5985000.0,-1.14,-0.0114778878446868,-0.010907288051561714
2023-11-30,3465,3465,3465,3445,5078000.0,0.0,0.0,-0.15154553049289887
2023-12-01,3480,3465,3505,3440,4430000.0,0.43,0.0043196611445163,-0.12760929499803075
2023-12-04,3540,3485,3565,3435,7163000.0,1.72,0.0170944333593,0.6169300225733634
2023-12-05,3460,3540,3550,3435,9296000.0,-2.26,-0.0228581380760502,0.297780259667737
2023-12-06,3700,3475,3940,3440,173000000.0,6.94,0.0670642305805458,17.610154905335627
2023-12-07,3655,3700,3705,3590,18735000.0,-1.22,-0.0122367264484369,-0.8917052023121388
2023-12-08,3615,3655,3690,3590,9213000.0,-1.09,-0.0110042375910138,-0.5082465972778223
2023-12-11,3930,3615,4270,3605,375000000.0,8.71,0.0835475702704417,39.703353956366
2023-12-12,3865,3895,3955,3855,40346000.0,-1.65,-0.0166777438417845,-0.8924106666666667
2023-12-13,3900,3855,3900,3730,29028000.0,0.91,0.0090148710962153,-0.2805234719674813
2023-12-14,3960,3900,3990,3750,51019000.0,1.54,0.0152674721307883,0.7575788893482156
2023-12-15,3820,3935,3935,3795,26464000.0,-3.54,-0.0359936026479053,-0.4812912836394284
2023-12-18,3775,3840,3875,3650,11123000.0,-1.18,-0.0118500399174958,-0.5796931680773881
2023-12-19,4020,3745,4545,3720,457000000.0,6.49,0.0628815199299417,40.08603793940484
2023-12-20,4000,3995,4125,3945,49026000.0,-0.5,-0.004987541511039,-0.8927221006564552
2023-12-21,4075,3995,4215,3945,43850000.0,1.88,0.0185763855729354,-0.10557663280708196
2023-12-22,4010,4095,4100,3995,23799000.0,-1.6,-0.0160795053743482,-0.45726339794754844
2023-12-26,3870,3980,3980,3840,21507000.0,-3.49,-0.0355367342767874,-0.09630656750283628
2023-12-27,3925,3910,3990,3840,10114000.0,1.42,0.0141118441926814,-0.5297345050448692
2023-12-28,3985,3925,4015,3915,9774000.0,1.53,0.0151709610078066,-0.033616768835277866
2024-01-02,4040,4060,4060,3940,12502000.0,1.38,0.0137073797308802,0.27910783711888687
2024-01-03,4020,3960,4025,3920,9630000.0,-0.5,-0.004962789342129,-0.22972324428091506
2024-01-04,3965,4015,4015,3900,8455000.0,-1.37,-0.0137760475441184,-0.12201453790238836
2024-01-05,4000,3965,4030,3945,6555000.0,0.88,0.0087885060330793,-0.2247191011235955
2024-01-08,4120,4000,4140,3975,19356000.0,3.0,0.0295588022415444,1.9528604118993136
2024-01-09,4115,4110,4165,4100,12793000.0,-0.12,-0.0012143292324019,-0.3390679892539781
2024-01-10,3995,4115,4140,3995,9021000.0,-2.92,-0.0295952549107951,-0.29484874540764483
2024-01-11,4045,4050,4080,4005,4360000.0,1.25,0.012437971292217,-0.516683294534974
2024-01-12,3860,4010,4020,3820,13086000.0,-4.57,-0.0468143670337155,2.001376146788991
2024-01-15,3725,3815,3855,3715,8798000.0,-3.5,-0.0356003316452166,-0.3276784349686688
2024-01-16,4050,3705,4090,3675,32235000.0,8.72,0.0836500292869249,2.6639008865651284
2024-01-17,4040,4060,4090,3835,14692000.0,-0.25,-0.002472189145389,-0.5442221188149527
2024-01-18,3835,4040,4510,3825,287000000.0,-5.07,-0.0520752571538392,18.53444051184318
2024-01-19,3790,3850,3905,3785,15954000.0,-1.17,-0.0118034157248844,-0.944411149825784
2024-01-22,3745,3795,3845,3745,11736000.0,-1.19,-0.0119444021251521,-0.26438510718315156
2024-01-23,3880,3730,3910,3730,12800000.0,3.6,0.0354135366659992,0.09066121336059996
2024-01-24,3805,3845,3890,3785,6547000.0,-1.93,-0.0195191623215329,-0.488515625
2024-01-25,3795,3805,3805,3670,11693000.0,-0.26,-0.0026315804660559,0.7860088590193981
2024-01-26,3835,3795,3920,3755,8683000.0,1.05,0.0104850239716263,-0.2574189686137005
2024-01-29,3775,3850,3950,3720,10262000.0,-1.56,-0.0157690521182314,0.18184959115513077
2024-01-30,3750,3805,3815,3750,3890000.0,-0.66,-0.0066445427186686,-0.6209315922822062
2024-01-31,3725,3750,3795,3700,3764000.0,-0.67,-0.0066889881507966,-0.0323907455012854
2024-02-01,3700,3725,3735,3605,8039000.0,-0.67,-0.006734032181344,1.1357598299681189
2024-02-02,3705,3650,3785,3650,5190000.0,0.14,0.0013504390978715,-0.3543973130986441
2024-02-05,3730,3700,3730,3670,3057000.0,0.67,0.0067249749076739,-0.41098265895953756
2024-02-06,3710,3705,3740,3665,4322000.0,-0.54,-0.0053763570363804,0.413804383382401
2024-02-07,3690,3730,3785,3565,3713000.0,-0.54,-0.0054054185669079,-0.14090698750578434
2024-02-08,3755,3690,3755,3680,2031000.0,1.76,0.0174618271636622,-0.45300296256396444
2024-02-13,3800,3755,3800,3695,4028000.0,1.2,0.0119127815162419,0.9832594780896111
2024-02-14,3835,3795,3850,3750,4120000.0,0.92,0.0091683680868795,0.022840119165839168
2024-02-15,3825,3855,3855,3775,3639000.0,-0.26,-0.0026109675407204,-0.11674757281553394
2024-02-16,3780,3805,3830,3750,3657000.0,-1.18,-0.0118344576470027,0.004946413849958864
2024-02-19,3800,3825,3825,3770,1643000.0,0.53,0.0052770571008438,-0.5507246376811594
2024-02-20,3805,3815,4575,3780,826000000.0,0.13,0.001314924581309,501.7388922702374
2024-02-21,3670,3810,3810,3660,46464000.0,-3.55,-0.0361243292471702,-0.9437481840193704
2024-02-22,3610,3605,3670,3565,19141000.0,-1.63,-0.0164838897216893,-0.5880466597796143
2024-02-23,3595,3590,3650,3570,9365000.0,-0.42,-0.0041637811717795,-0.5107361161903767
2024-02-26,3640,3600,3665,3600,5451000.0,1.25,0.0124396904756392,-0.41793913507741587
2024-02-27,3570,3605,3735,3530,19287000.0,-1.92,-0.0194180858571016,2.538249862410567
2024-02-28,3600,3540,3620,3520,5145000.0,0.84,0.0083682496705165,-0.7332400062218074
2024-02-29,3595,3570,3655,3540,3941000.0,-0.14,-0.0013898542890543,-0.23401360544217686
2024-03-04,3525,3555,3600,3500,6077000.0,-1.95,-0.019663554908778,0.5419944176604923
2024-03-05,3460,3520,3525,3435,8105000.0,-1.84,-0.0186118471945991,0.33371729471778844
2024-03-06,3420,3430,3500,3400,4161000.0,-1.16,-0.011628037995119,-0.4866132017273288
2024-03-07,3315,3430,3435,3305,9265000.0,-3.07,-0.0311829274366879,1.2266282143715452
2024-03-08,3490,3350,3490,3310,6860000.0,5.28,0.05144411257651,-0.2595790609821911
2024-03-11,3585,3490,3615,3470,7153000.0,2.72,0.0268567378372479,0.04271137026239069
2024-03-12,3605,3585,3635,3530,4758000.0,0.56,0.0055632966853287,-0.33482454914022086
2024-03-13,3550,3605,3620,3540,3484000.0,-1.53,-0.0153741672495879,-0.26775956284153
2024-03-14,3605,3550,3660,3550,3746000.0,1.55,0.0153741672495879,0.07520091848450061
2024-03-15,3575,3560,3640,3425,9337000.0,-0.83,-0.0083565945909414,1.49252536038441
2024-03-18,3770,3580,3935,3575,106000000.0,5.45,0.0531098253139483,10.352682874584984
2024-03-19,3725,3715,3775,3650,13898000.0,-1.19,-0.0120081496283966,-0.8688867924528302
2024-03-20,3655,3715,3730,3650,9002000.0,-1.88,-0.018970758629781,-0.35228090372715504
2024-03-21,3765,3670,3835,3660,19923000.0,3.01,0.0296517680501151,1.213174850033326
2024-03-22,3785,3780,3805,3695,6566000.0,0.53,0.0052980256375551,-0.6704311599658686
2024-03-25,3880,3755,3925,3755,19576000.0,2.51,0.02478926674577,1.9814194334450197
2024-03-26,3955,3895,3980,3850,16394000.0,1.93,0.019145447584435,-0.16254597466285248
2024-03-27,3960,3920,4040,3920,21680000.0,0.13,0.0012634240467719,0.322435037208735
2024-03-28,3915,3915,3965,3840,11062000.0,-1.14,-0.0114286958236227,-0.489760147601476
2024-03-29,3970,3905,4005,3880,11835000.0,1.4,0.0139507652563325,0.0698788645814501
2024-04-01,3975,3935,4005,3920,4731000.0,0.13,0.0012586534071961,-0.600253485424588
2024-04-02,3780,3945,4550,3770,176000000.0,-4.91,-0.0503007384747988,36.20143732826041
2024-04-03,3770,3810,3850,3705,18273000.0,-0.26,-0.0026490081715769,-0.8961761363636364
2024-04-04,3775,3770,3920,3740,15628000.0,0.13,0.0013253812410687,-0.14474908334701475
2024-04-05,3740,3770,3770,3665,5809000.0,-0.93,-0.0093147712745474,-0.6282953672894804
2024-04-08,3705,3745,3850,3700,5693000.0,-0.94,-0.0094023526783903,-0.019969013599586805
2024-04-09,3800,3670,3800,3670,6457000.0,2.56,0.0253178079842897,0.13419989460741255
2024-04-11,3770,3790,3805,3690,4872000.0,-0.79,-0.0079260652724207,-0.24547003252284338
2024-04-12,3800,3840,3840,3765,4857000.0,0.8,0.0079260652724207,-0.0030788177339901024
2024-04-15,3740,3725,3800,3700,3546000.0,-1.58,-0.0159154553058995,-0.26991970352069183
2024-04-16,3660,3675,3730,3620,5037000.0,-2.14,-0.0216224640131656,0.4204737732656514
2024-04-17,3630,3610,3695,3610,3540000.0,-0.82,-0.0082304991365154,-0.2972007147111376
2024-04-18,3830,3630,3855,3615,6302000.0,5.51,0.0536321549157951,0.7802259887005649
2024-04-19,3765,3830,3830,3705,4063000.0,-1.7,-0.0171169419406977,-0.3552840368137099
2024-04-22,3725,3780,3870,3725,3167000.0,-1.06,-0.010681009420334,-0.22052670440561162
2024-04-23,3780,3725,3785,3690,2084000.0,1.48,0.0146571577999734,-0.3419640037890749
2024-04-24,3765,3750,3820,3745,2751000.0,-0.4,-0.0039761483796394,0.3200575815738964
2024-04-25,3680,3765,3765,3680,4143000.0,-2.26,-0.0228351090710173,0.5059978189749181
2024-04-26,3590,3680,3680,3560,7986000.0,-2.45,-0.0247605496806521,0.9275887038377988
2024-04-29,3505,3610,3670,3505,5936000.0,-2.37,-0.023961682013634,-0.25669922364137243
2024-04-30,3680,3555,3760,3555,9747000.0,4.99,0.0487222316942861,0.6420148247978437
2024-05-02,3805,3695,3845,3650,9321000.0,3.4,0.0334032391328096,-0.043705755617112985
2024-05-03,3660,3820,3820,3625,11935000.0,-3.81,-0.0388528439003743,0.2804420126595859
2024-05-07,3630,3650,3680,3605,3418000.0,-0.82,-0.0082304991365154,-0.7136154168412233
2024-05-08,3625,3630,3630,3570,2374000.0,-0.14,-0.0013783599701212,-0.30544177881802226
2024-05-09,3665,3625,3730,3605,8395000.0,1.1,0.0109740470319766,2.5362257792754845
2024-05-10,3665,3665,3680,3620,2603000.0,0.0,0.0,-0.6899344848123883
2024-05-13,3735,3680,3740,3635,5467000.0,1.91,0.0189194832461658,1.1002689204763736
2024-05-14,3715,3735,3795,3675,3597000.0,-0.54,-0.005369140415058,-0.3420523138832998
2024-05-16,3750,3715,3845,3670,10363000.0,0.94,0.009377161812597,1.8810119544064499
2024-05-17,3725,3720,3780,3680,7767000.0,-0.67,-0.0066889881507966,-0.2505066100550034
2024-05-20,3685,3750,3775,3680,3127000.0,-1.07,-0.0107963261902229,-0.5973992532509335
2024-05-21,3825,3665,3875,3665,15693000.0,3.8,0.0372879416371992,4.018548129197313
2024-05-22,3730,3835,3840,3730,4557000.0,-2.48,-0.025150233622775,-0.7096157522462244
2024-05-23,3870,3700,3920,3700,14020000.0,3.75,0.0368462733859662,2.076585472898837
2024-05-24,3780,3810,3865,3765,5627000.0,-2.33,-0.0235304974101941,-0.5986447931526391
2024-05-27,3885,3790,3985,3790,18044000.0,2.78,0.0273989741881143,2.2066820685978317
2024-05-28,3875,3955,3955,3830,4921000.0,-0.26,-0.0025773210143004,-0.7272777654622036
2024-05-29,3780,3875,3880,3720,6414000.0,-2.45,-0.024821653173814,0.3033936191830928
2024-05-30,3750,3720,3775,3720,2475000.0,-0.79,-0.0079681696491768,-0.6141253507951356
2024-05-31,3695,3750,3775,3685,3095000.0,-1.47,-0.0147752855821544,0.25050505050505056
2024-06-03,3675,3670,3740,3635,4575000.0,-0.54,-0.0054274217353651,0.4781906300484653
2024-06-04,3675,3670,3695,3630,2234000.0,0.0,0.0,-0.5116939890710382
2024-06-05,3625,3695,3695,3600,3141000.0,-1.36,-0.0136988443581619,0.40599820948970455
2024-06-07,3610,3645,3645,3575,2639000.0,-0.41,-0.0041465159618485,-0.15982171283030877
2024-06-10,3635,3590,3705,3590,4469000.0,0.69,0.0069013386406931,0.6934444865479348
2024-06-11,3600,3605,3655,3580,3481000.0,-0.96,-0.0096752655234184,-0.22107854106063995
2024-06-12,3565,3610,3620,3555,3866000.0,-0.97,-0.009769791595805,0.11060040218328071
2024-06-13,3555,3570,3620,3545,4130000.0,-0.28,-0.0028089906110551,0.06828763579927566
2024-06-14,3365,3555,3565,3365,17716000.0,-5.34,-0.0549271001585131,3.2895883777239705
2024-06-17,3360,3365,3415,3350,4390000.0,-0.15,-0.0014869891215782,-0.7522013998645293
2024-06-18,3370,3360,3380,3310,4324000.0,0.3,0.0029717703891574,-0.015034168564920236
2024-06-19,3330,3340,3380,3315,1713000.0,-1.19,-0.0119404403719178,-0.6038390379278447
2024-06-20,3330,3330,3355,3280,2542000.0,0.0,0.0,0.4839462930531231
2024-06-21,3160,3330,3345,3145,8945000.0,-5.11,-0.0524002763935316,2.518882769472856
2024-06-24,3060,3195,3195,3060,6322000.0,-3.16,-0.0321571116345312,-0.29323644494130796
2024-06-25,3000,3055,3140,2985,8338000.0,-1.96,-0.0198026272961797,0.3188864283454602
2024-06-26,3030,3045,3045,2975,4279000.0,1.0,0.009950330853168,-0.48680738786279687
2024-06-27,3000,3045,3045,2980,4135000.0,-0.99,-0.009950330853168,-0.03365272259873797
2024-06-28,3060,3010,3070,2980,4532000.0,2.0,0.0198026272961797,0.09600967351874234
2024-07-01,3055,3015,3120,3015,1619000.0,-0.16,-0.0016353233407307,-0.6427625772285966
2024-07-02,2995,3085,3090,2995,2570000.0,-1.96,-0.0198353610561459,0.5873996294008648
2024-07-03,2720,2995,3030,2720,24528000.0,-9.18,-0.0963123512595066,8.54396887159533
2024-07-04,2630,2725,2795,2600,18686000.0,-3.31,-0.0336480341182327,-0.23817677756033917
2024-07-05,2630,2605,2695,2605,10892000.0,0.0,0.0,-0.4171037140104892
2024-07-08,2585,2645,2645,2455,26831000.0,-1.71,-0.0172583382292807,1.4633676092544987
2024-07-09,2530,2620,2635,2490,12348000.0,-2.13,-0.0215062052209636,-0.5397860683537699
2024-07-10,2600,2530,2600,2465,6025000.0,2.77,0.0272921422880075,-0.5120667314544866
2024-07-11,2525,2600,2630,2480,15286000.0,-2.88,-0.0292703823001132,1.5370954356846473
2024-07-12,2640,2525,2715,2525,10400000.0,4.55,0.0445378544309016,-0.31963888525448125
2024-07-15,2620,2640,2665,2585,2559000.0,-0.76,-0.0076045993852193,-0.7539423076923077
2024-07-16,2580,2625,2650,2525,2861000.0,-1.53,-0.0153849188394794,0.1180148495506057
2024-07-17,2575,2590,2630,2565,3049000.0,-0.19,-0.0019398648178265,0.06571128975882568
2024-07-18,2545,2575,2600,2500,2937000.0,-1.17,-0.0117188841132133,-0.03673335519842569
2024-07-19,2545,2520,2560,2510,2827000.0,0.0,0.0,-0.03745318352059923
2024-07-22,2440,2520,2565,2440,5963000.0,-4.13,-0.0421326106973756,1.109303148213654
2024-07-23,2445,2440,2495,2420,2339000.0,0.2,0.0020470836217248,-0.6077477779641121
2024-07-24,2395,2420,2445,2255,5480000.0,-2.04,-0.0206618920639567,1.3428815733219324
2024-07-25,2335,2395,2435,2285,5545000.0,-2.51,-0.0253713397420179,0.011861313868613221
2024-07-26,2390,2335,2390,2300,1394000.0,2.36,0.0232814748225586,-0.7486023444544635
2024-07-29,2425,2365,2435,2350,1250000.0,1.46,0.0145381584460272,-0.10329985652797702
2024-07-30,2365,2395,2435,2305,2246000.0,-2.47,-0.0250535024455502,0.7968
2024-07-31,2375,2320,2385,2310,2976000.0,0.42,0.0042194155427082,0.32502226179875326
2024-08-01,2525,2375,2565,2375,6902000.0,6.32,0.0612436252407185,1.319220430107527
2024-08-02,2555,2485,2655,2465,15964000.0,1.19,0.0118111609283446,1.312952767313822
2024-08-05,2385,2555,2690,2255,18046000.0,-6.65,-0.0688530993153632,0.13041844149336002
2024-08-06,2490,2285,2670,2285,10966000.0,4.4,0.0430835861363117,-0.3923307104067383
2024-08-07,2585,2455,2630,2455,8113000.0,3.82,0.0374427974837762,-0.2601677913550976
2024-08-08,2570,2640,2745,2520,9268000.0,-0.58,-0.005819609053264,0.14236410698878332
2024-08-09,2505,2550,2620,2505,5615000.0,-2.53,-0.0256171643703003,-0.3941519205869659
2024-08-12,2610,2505,2630,2505,3085000.0,4.19,0.0410614867977739,-0.45057880676758677
2024-08-13,2655,2585,2665,2585,2491000.0,1.72,0.0170944333593,-0.19254457050243112
2024-08-14,2600,2625,2700,2600,2663000.0,-2.07,-0.0209332096664657,0.0690485748695302
2024-08-16,2635,2605,2680,2525,2318000.0,1.35,0.0133717369658892,-0.12955313556139691
2024-08-19,2570,2635,2635,2520,6405000.0,-2.47,-0.0249772830861972,1.763157894736842
2024-08-20,2545,2555,2620,2535,3526000.0,-0.97,-0.0097752489046423,-0.4494925839188134
2024-08-21,2505,2550,2575,2485,4547000.0,-1.57,-0.0158419154656579,0.2895632444696541
2024-08-22,2895,2505,3175,2480,445000000.0,15.57,0.1446963764881303,96.86672531339345
2024-08-23,2860,2775,3000,2750,101000000.0,-1.21,-0.0121634861931973,-0.7730337078651686
2024-08-26,2905,2885,2995,2815,36601000.0,1.57,0.0156117654721134,-0.6376138613861386
2024-08-27,3095,2910,3285,2830,114000000.0,6.54,0.0633545158326847,2.1146689981148055
2024-08-28,2915,3095,3575,2830,405000000.0,-5.82,-0.0599180863341036,2.5526315789473686
2024-08-29,2745,2890,3005,2680,53172000.0,-5.83,-0.0600887448409617,-0.8687111111111111
2024-08-30,2765,2745,2840,2700,16496000.0,0.73,0.0072595600128041,-0.6897615286240879
2024-09-02,2680,2740,2830,2665,22693000.0,-3.07,-0.0312238404515328,0.3756668283220175
2024-09-03,2600,2680,2770,2600,9639000.0,-2.99,-0.0303053494953289,-0.5752434671484599
2024-09-04,2495,2545,3040,2420,201000000.0,-4.04,-0.0412227158239543,19.85278555866791
2024-09-05,2450,2475,2685,2415,36156000.0,-1.8,-0.0182007046468463,-0.8201194029850747
2024-09-06,2375,2430,2470,2360,16276000.0,-3.06,-0.0310905870700311,-0.5498395840247815
2024-09-09,2385,2350,2410,2345,5902000.0,0.42,0.0042016868536999,-0.6373801916932907
2024-09-10,2355,2370,2430,2355,4954000.0,-1.26,-0.0126583968719234,-0.16062351745171133
2024-09-11,2370,2360,2475,2355,5542000.0,0.64,0.0063492276786587,0.11869196608800969
2024-09-12,2435,2355,2450,2355,4412000.0,2.74,0.0270568013875132,-0.20389750992421507
2024-09-13,2445,2420,2550,2415,9589000.0,0.41,0.0040983663922821,1.1733907524932006
2024-09-19,2490,2445,2500,2420,4374000.0,1.84,0.0182375875497807,-0.5438523307957034
2024-09-20,2555,2515,2575,2500,6007000.0,2.61,0.0257695131790516,0.37334247828074996
2024-09-23,2475,2520,2580,2475,4106000.0,-3.13,-0.0318118276350141,-0.3164641251872815
2024-09-24,2475,2450,2525,2445,2828000.0,0.0,0.0,-0.31125182659522654
2024-09-25,2500,2480,2550,2480,3935000.0,1.01,0.0100503358535015,0.39144271570014144
2024-09-26,2530,2500,2540,2495,1808000.0,1.2,0.0119285708652738,-0.5405336721728081
2024-09-27,2620,2530,2685,2495,13090000.0,3.56,0.0349550150335766,6.240044247787611
2024-09-30,2560,2630,2630,2560,2479000.0,-2.29,-0.0231670592815344,-0.8106187929717341
2024-10-02,2480,2560,2595,2480,7003000.0,-3.13,-0.0317486983145803,1.8249294070189594
2024-10-04,2520,2485,2570,2485,1420000.0,1.61,0.0160003413464411,-0.7972297586748536
2024-10-07,2500,2480,2550,2465,4042000.0,-0.79,-0.0079681696491768,1.8464788732394366
2024-10-08,2460,2500,2515,2400,5555000.0,-1.6,-0.0161293819298836,0.37431964374072235
2024-10-10,2360,2440,2445,2355,10165000.0,-4.07,-0.0414997309067527,0.8298829882988299
2024-10-11,2355,2385,2410,2355,3731000.0,-0.21,-0.0021208915691376,-0.6329562223315297
2024-10-14,2335,2345,2370,2295,3854000.0,-0.85,-0.0085288363475204,0.03296703296703307
2024-10-15,2335,2330,2360,2330,976000.0,0.0,0.0,-0.7467566165023352
2024-10-16,2320,2335,2335,2280,6762000.0,-0.64,-0.006444705442642,5.92827868852459
2024-10-17,2300,2335,2340,2285,3432000.0,-0.86,-0.0086580627431145,-0.49245785270629994
2024-10-18,2270,2280,2300,2260,1858000.0,-1.3,-0.0131292914417927,-0.4586247086247086
2024-10-21,2290,2270,2345,2265,3408000.0,0.88,0.008771986072837,0.8342303552206674
2024-10-22,2270,2270,2510,2250,27658000.0,-0.87,-0.0087719860728369,7.115610328638498
2024-10-23,2270,2285,2390,2225,15249000.0,0.0,0.0,-0.448658615951985
2024-10-24,2255,2270,2300,2245,2993000.0,-0.66,-0.0066298585386696,-0.8037248344153715
2024-10-25,2220,2220,2270,2210,8906000.0,-1.55,-0.0156427770704535,1.975609756097561
2024-10-28,2225,2210,2265,2210,4669000.0,0.23,0.0022497197340155,-0.47574668762631933
2024-10-29,2265,2210,2265,2210,2773000.0,1.8,0.0178178433167938,-0.4060826729492397
2024-10-30,2195,2260,2265,2190,5852000.0,-3.09,-0.0313927124078627,1.1103498016588533
2024-10-31,2150,2170,2180,2115,6192000.0,-2.05,-0.0207142043875632,0.05809979494190021
2024-11-01,2070,2090,2120,2060,7088000.0,-3.72,-0.0379192348622937,0.14470284237726094
2024-11-04,2150,2070,2250,2055,21954000.0,3.86,0.0379192348622936,2.0973476297968396
2024-11-05,2165,2135,2185,2105,7403000.0,0.7,0.0069525193148816,-0.6627949348638061
2024-11-06,2115,2170,2180,2115,2915000.0,-2.31,-0.0233655489562118,-0.6062407132243686
2024-11-07,2070,2110,2110,2055,4903000.0,-2.13,-0.0215062052209636,0.6819897084048028
2024-11-08,2020,2070,2160,2005,8295000.0,-2.42,-0.0244510958641643,0.6918213338772181
2024-11-11,2090,2020,2115,1930,22469000.0,3.47,0.0340665545636062,1.7087402049427367
2024-11-12,1995,2085,2085,1981,5742000.0,-4.55,-0.0465200156348928,-0.7444479060038275
2024-11-13,1957,1940,2000,1940,2581000.0,-1.9,-0.0192313619278876,-0.5505050505050505
2024-11-14,2070,1950,2110,1950,10133000.0,5.77,0.0561359188633384,2.9259976753196435
2024-11-15,2185,2140,2220,2050,14133000.0,5.56,0.0540672212702757,0.3947498272969505
2024-11-18,2200,2170,2235,2170,7946000.0,0.69,0.0068415318167167,-0.43776975872072454
2024-11-19,2235,2180,2290,2180,10610000.0,1.59,0.0157838677012619,0.3352630254215958
2024-11-20,2290,2220,2355,2220,10941000.0,2.46,0.024310589500616,0.0311969839773798
2024-11-21,2340,2295,2370,2295,9829000.0,2.18,0.0215991118034617,-0.10163604789324554
2024-11-22,2355,2350,2385,2340,8563000.0,0.64,0.0063897980987709,-0.1288025231457931
2024-11-25,2435,2350,2445,2335,10016000.0,3.4,0.033406029066172,0.16968352213009452
2024-11-26,2490,2420,2500,2350,9874000.0,2.26,0.022335953942063,-0.01417731629392971
2024-11-27,2540,2495,2550,2475,8957000.0,2.01,0.0198813705538289,-0.09287016406724735
2024-11-28,2540,2530,2555,2485,7235000.0,0.0,0.0,-0.19225187004577426
2024-11-29,2510,2530,2545,2470,9083000.0,-1.18,-0.0118813278867526,0.2554250172771251
2024-12-02,2540,2505,2560,2505,11088000.0,1.2,0.0118813278867526,0.22074204557965427
2024-12-03,2570,2540,2575,2510,5935000.0,1.18,0.0117418178766831,-0.4647366522366523
2024-12-04,2535,2470,2590,2470,10278000.0,-1.36,-0.0137122618639818,0.7317607413647851
2024-12-05,2535,2525,2560,2470,9778000.0,0.0,0.0,-0.048647596808717664
2024-12-06,2500,2535,2550,2410,6981000.0,-1.38,-0.0139029051689913,-0.2860503170382491
2024-12-09,2445,2415,2500,2370,8412000.0,-2.2,-0.0222456089473197,0.20498495917490334
2024-12-10,2495,2430,2525,2430,7993000.0,2.04,0.0202436062766465,-0.049809795530194934
2024-12-11,2545,2495,2570,2490,4237000.0,2.0,0.019841920799004,-0.4699111722757413
2024-12-12,2630,2550,2640,2545,7111000.0,3.34,0.0328531961871871,0.678310125088506
2024-12-13,2720,2685,2730,2620,15155000.0,3.42,0.0336480341182327,1.1312051750808605
2024-12-16,2655,2750,2750,2635,6611000.0,-2.39,-0.0241872256140038,-0.5637743319036621
2024-12-17,2575,2655,2670,2575,4241000.0,-3.01,-0.0305951205782026,-0.35849342005748
2024-12-18,2585,2555,2655,2525,5221000.0,0.39,0.0038759738446929,0.23107757604338608
2024-12-19,2570,2490,2705,2490,6005000.0,-0.58,-0.005819609053264,0.15016280406052473
2024-12-20,2635,2585,2710,2545,11976000.0,2.53,0.0249772830861971,0.9943380516236469
2024-12-23,2620,2635,2690,2510,8314000.0,-0.57,-0.0057088642203202,-0.3057782231128925
2024-12-24,2540,2600,2635,2540,7488000.0,-3.05,-0.0310102367425603,-0.09935049314409428
2024-12-26,2580,2515,2620,2500,6668000.0,1.57,0.0156253179030808,-0.10950854700854706
2024-12-27,2580,2560,2595,2540,5167000.0,0.0,0.0,-0.22510497900419912
2024-12-30,2590,2580,2635,2555,3950000.0,0.39,0.0038684767779203,-0.23553319140700602
2025-01-02,2620,2565,2645,2565,5773000.0,1.16,0.011516442061559,0.4615189873417722
2025-01-03,2665,2650,2685,2635,4910000.0,1.72,0.0170297398448022,-0.14948900051966052
2025-01-06,2670,2615,2695,2610,3023000.0,0.19,0.0018744147943503,-0.3843177189409369
2025-01-07,2660,2670,2720,2640,7173000.0,-0.37,-0.0037523496185504,1.3728084684088655
2025-01-08,2625,2660,2660,2595,6041000.0,-1.32,-0.0132452267500206,-0.1578140248152795
2025-01-09,2655,2630,2660,2595,15712000.0,1.14,0.011363758650315,1.6008938917397781
2025-01-10,2720,2655,2745,2635,4061000.0,2.45,0.0241872256140038,-0.741535132382892
2025-01-13,2795,2700,2860,2700,9190000.0,2.76,0.0272002262991565,1.2629894114750062
2025-01-14,2800,2795,2825,2710,4183000.0,0.18,0.0017873105740956,-0.5448313384113166
2025-01-15,2875,2800,2970,2770,25173000.0,2.68,0.0264332570681554,5.01792971551518
2025-01-16,2915,2920,2985,2840,13150000.0,1.39,0.0138171455531419,-0.47761490485838
2025-01-17,2860,2915,2915,2810,5890000.0,-1.89,-0.0190481949706944,-0.5520912547528517
2025-01-20,2750,2840,2840,2750,13465000.0,-3.85,-0.0392207131532812,1.2860780984719864
2025-01-21,2780,2725,2800,2710,4709000.0,1.09,0.0108500160240658,-0.6502784998143334
2025-01-22,2795,2745,2825,2730,7022000.0,0.54,0.0053811789045167,0.4911870885538332
2025-01-23,2810,2815,2845,2750,3970000.0,0.54,0.0053523767385918,-0.4346340074052977
2025-01-24,2800,2810,2840,2780,2501000.0,-0.36,-0.0035650661644961,-0.3700251889168765
2025-01-31,2790,2800,2850,2790,3719000.0,-0.36,-0.0035778213478839,0.48700519792083163
2025-02-03,2710,2790,2790,2700,2723000.0,-2.87,-0.0290929609416647,-0.26781392847539665
2025-02-04,2735,2725,2750,2700,1895000.0,0.92,0.0091828009823349,-0.3040763863385971
2025-02-05,2780,2745,2805,2740,3699000.0,1.65,0.0163194918286011,0.9519788918205805
2025-02-06,2780,2795,2800,2765,5665000.0,0.0,0.0,0.5314949986482833
2025-02-07,2745,2770,2780,2720,3300000.0,-1.26,-0.0126698527410517,-0.41747572815533984
2025-02-10,2770,2755,2820,2745,2327000.0,0.91,0.0090662452377532,-0.2948484848484848
2025-02-11,2775,2785,2810,2755,2707000.0,0.18,0.0018034269991507,0.16330038676407388
2025-02-12,2555,2780,2785,2555,9098000.0,-7.93,-0.08259852354273,2.3609161433321018
2025-02-13,2560,2550,2625,2530,3479000.0,0.2,0.0019550348358032,-0.6176082655528687
2025-02-14,2570,2560,2620,2560,2461000.0,0.39,0.0038986404156573,-0.2926128197757977
2025-02-17,2535,2570,2580,2520,4079000.0,-1.36,-0.0137122618639818,0.6574563185696871
2025-02-18,2545,2535,2610,2505,6466000.0,0.39,0.0039370129593395,0.5851924491296887
2025-02-19,2535,2545,2550,2505,3733000.0,-0.39,-0.0039370129593395,-0.4226724404577792
2025-02-20,3010,2565,3165,2565,509000000.0,18.74,0.1717464417176379,135.3514599517814
2025-02-21,3040,2980,3130,2915,109000000.0,1.0,0.0099174366573459,-0.7858546168958742
2025-02-24,3115,2990,3155,2990,52927000.0,2.47,0.0243716368212861,-0.5144311926605505
2025-02-25,3075,3200,3200,2970,21125000.0,-1.28,-0.0129242509809352,-0.6008653428306914
2025-02-26,2950,3015,3075,2840,21644000.0,-4.07,-0.0414997309067527,0.02456804733727802
2025-02-27,2905,2885,2935,2860,10852000.0,-1.53,-0.0153717800478538,-0.4986139345777121
2025-02-28,3010,2880,3290,2810,108000000.0,3.61,0.0355066884569098,8.952082565425728
2025-03-04,3100,3010,3150,3005,23366000.0,2.99,0.0294620327303162,-0.7836481481481481
2025-03-05,2955,3060,3082,2820,19149000.0,-4.68,-0.047903460633039,-0.1804759051613456
2025-03-06,3040,2925,3290,2865,73104000.0,2.88,0.0283588645600687,2.8176406078646403
2025-03-07,3050,3000,3155,2940,26560000.0,0.33,0.00328407520119,-0.6366819873057562
2025-03-10,3175,3045,3285,2925,66169000.0,4.1,0.0401660417253346,1.4913027108433736
2025-03-11,2980,3105,3150,2950,21835000.0,-6.14,-0.0633843318273418,-0.6700116368692288
2025-03-12,2985,2980,3065,2940,14087000.0,0.17,0.0016764463272523,-0.35484314174490494
2025-03-13,2760,3030,3030,2760,15829000.0,-7.54,-0.0783690671155067,0.12366011216014772
2025-03-14,2625,2735,2815,2595,20154000.0,-4.89,-0.0501497836854715,0.27323267420557196
2025-03-17,2650,2625,2730,2595,9371000.0,0.95,0.0094787439545437,-0.5350302669445272
2025-03-18,2740,2650,2780,2650,12113000.0,3.4,0.033398280401848,0.29260484473375303
2025-03-19,2715,2740,2820,2685,6290000.0,-0.91,-0.00916596701408,-0.48072318996119867
2025-03-20,2595,2775,2775,2595,8170000.0,-4.42,-0.0452054367680467,0.29888712241653415
2025-03-21,2605,2575,2650,2530,6145000.0,0.39,0.0038461585874783,-0.24785801713586286
2025-03-24,2650,2600,2680,2570,12023000.0,1.73,0.0171269647928006,0.9565500406834826
2025-03-25,2605,2635,2650,2580,2641000.0,-1.7,-0.0171269647928005,-0.7803376861016386
2025-03-26,2595,2630,2630,2555,1307000.0,-0.38,-0.0038461585874782,-0.5051117001135934
2025-03-27,2590,2595,2650,2550,3110000.0,-0.19,-0.0019286409064055,1.379495026778883
2025-03-28,2460,2630,2630,2440,7547000.0,-5.02,-0.0514965257671749,1.4266881028938907
2025-03-31,2265,2455,2455,2260,14328000.0,-7.93,-0.082586591009274,0.898502716311117
2025-04-01,2440,2240,2585,2240,17472000.0,7.73,0.0744232803701131,0.21943048576214408
2025-04-02,2395,2475,2490,2305,4779000.0,-1.84,-0.0186148084422319,-0.7264766483516483
2025-04-03,2355,2400,2410,2355,3962000.0,-1.67,-0.0168425033944974,-0.1709562670014647
2025-04-04,2375,2280,2550,2280,6812000.0,0.85,0.0084567100182234,0.7193336698637052
2025-04-07,2310,2375,2395,2175,5619000.0,-2.74,-0.0277499129529023,-0.17513211978860832
2025-04-08,2295,2290,2395,2290,2442000.0,-0.65,-0.0065146810211936,-0.5654030966364122
2025-04-09,2170,2265,2285,2150,4913000.0,-5.45,-0.0560056759601402,1.011875511875512
2025-04-10,2300,2180,2380,2180,7955000.0,5.99,0.0581819553827358,0.6191736210054957
2025-04-11,2435,2300,2510,2260,17598000.0,5.87,0.0570376335994491,1.212193588937775
2025-04-14,2445,2435,2480,2410,4343000.0,0.41,0.0040983663922821,-0.7532105921127401
2025-04-15,2390,2425,2455,2375,3558000.0,-2.25,-0.022751756983416,-0.18075063320285512
2025-04-16,2360,2385,2420,2345,3327000.0,-1.26,-0.0126317469059005,-0.06492411467116355
2025-04-17,2450,2365,2470,2355,8247000.0,3.81,0.0374264055191168,1.478809738503156
2025-04-18,2565,2455,2590,2455,19422000.0,4.69,0.0458704540660971,1.3550381957075301
2025-04-21,2540,2565,2620,2460,5060000.0,-0.97,-0.0097943975922876,-0.739470703326125
2025-04-22,2440,2500,2540,2440,5109000.0,-3.94,-0.0401660417253347,0.009683794466403217
2025-04-23,2460,2485,2555,2420,5124000.0,0.82,0.0081633106391608,0.0029359953024075125
2025-04-24,2460,2460,2510,2455,2299000.0,0.0,0.0,-0.5513270882123341
2025-04-25,2505,2460,2600,2450,2111000.0,1.83,0.0181273845925567,-0.08177468464549809
2025-04-28,2540,2510,2595,2455,1954000.0,1.4,0.013875346493617,-0.07437233538607291
2025-04-29,2550,2540,2590,2530,2548000.0,0.39,0.0039292781398895,0.30399181166837264
